open,close,high,low,volume,ticker,date,time
7203.0,7201.0,7203.7,7200.1,9.40417399,BTC/USD,2019-12-31,16:00:00
7201.0,7223.6,7223.6,7201.0,7.90373981,BTC/USD,2019-12-31,16:01:00
7224.4,7225.0,7225.5,7224.4,0.47992977,BTC/USD,2019-12-31,16:02:00
7224.980953,7225.9,7225.9,7224.980953,0.92945729,BTC/USD,2019-12-31,16:03:00
7225.86202029,7225.72953047,7225.9,7225.72953047,0.29132017,BTC/USD,2019-12-31,16:04:00
7225.7,7225.867273,7225.9,7225.29725234,1.03197044,BTC/USD,2019-12-31,16:05:00
7225.9,7225.9,7225.9,7225.8,0.9328,BTC/USD,2019-12-31,16:06:00
7225.9,7225.52179736,7225.9,7225.5,0.98563711,BTC/USD,2019-12-31,16:07:00
7225.52179736,7221.11263212,7225.52179736,7221.11263212,0.73935526,BTC/USD,2019-12-31,16:08:00
7221.11263212,7223.0,7223.0,7221.11263212,0.12223545,BTC/USD,2019-12-31,16:09:00
7224.02995268,7218.1952542,7224.02995268,7218.1952542,0.02673007,BTC/USD,2019-12-31,16:10:00
7216.5361509,7217.74643124,7217.74643124,7216.5361509,0.02450555,BTC/USD,2019-12-31,16:11:00
7218.7,7219.4,7219.4,7218.5,0.48947280000000004,BTC/USD,2019-12-31,16:12:00
7219.5,7222.1,7222.9,7219.5,1.61480759,BTC/USD,2019-12-31,16:13:00
7219.9,7220.1,7220.1,7219.9,7.74999251,BTC/USD,2019-12-31,16:14:00
7220.0,7220.1,7220.1,7220.0,0.22883320000000001,BTC/USD,2019-12-31,16:15:00
7220.1,7220.0,7220.1,7220.0,0.02563241,BTC/USD,2019-12-31,16:16:00
7220.0,7220.0,7220.0,7220.0,0.005,BTC/USD,2019-12-31,16:17:00
7220.05340833,7220.1,7220.1,7220.05340833,0.07535336,BTC/USD,2019-12-31,16:18:00
7220.1,7229.4,7229.4,7220.1,10.0300457,BTC/USD,2019-12-31,16:19:00
7229.4,7229.3,7229.4,7229.3,0.09305232,BTC/USD,2019-12-31,16:20:00
7229.4,7229.4,7229.4,7229.3,0.20380539,BTC/USD,2019-12-31,16:21:00
7229.4,7229.4,7229.4,7229.3,0.11800393,BTC/USD,2019-12-31,16:22:00
7229.3,7229.4,7229.4,7229.3,0.13229987999999998,BTC/USD,2019-12-31,16:23:00
7229.34559292,7229.3,7229.4,7229.3,0.07582668000000001,BTC/USD,2019-12-31,16:24:00
7229.3,7229.3,7229.3,7229.3,0.0686807,BTC/USD,2019-12-31,16:25:00
7229.4,7229.4,7229.4,7229.4,0.12306351,BTC/USD,2019-12-31,16:26:00
7229.4,7229.4,7229.4,7229.4,0.09189015,BTC/USD,2019-12-31,16:27:00
7229.3,7229.3,7229.4,7229.3,0.1978,BTC/USD,2019-12-31,16:28:00
7229.4,7229.4,7229.4,7229.4,0.00276648,BTC/USD,2019-12-31,16:29:00
7229.37798116,7229.37798116,7229.4,7229.3,0.06202602,BTC/USD,2019-12-31,16:30:00
7229.374372,7229.37798116,7229.37798116,7229.374372,0.005,BTC/USD,2019-12-31,16:31:00
7229.3,7229.4,7229.4,7229.3,0.065,BTC/USD,2019-12-31,16:32:00
7229.3,7229.4,7229.4,7229.3,0.030000000000000002,BTC/USD,2019-12-31,16:33:00
7229.3,7229.3,7229.3,7229.3,0.02780256,BTC/USD,2019-12-31,16:34:00
7229.4,7232.8,7232.8,7229.3,5.49012024,BTC/USD,2019-12-31,16:35:00
7229.3,7229.3,7229.3,7229.3,0.055,BTC/USD,2019-12-31,16:36:00
7229.3,7229.30506531,7229.30506531,7229.3,0.23008,BTC/USD,2019-12-31,16:37:00
7229.4,7229.4,7229.4,7229.4,0.0977,BTC/USD,2019-12-31,16:38:00
7229.3,7229.3,7229.4,7229.3,0.41600000000000004,BTC/USD,2019-12-31,16:39:00
7229.3,7224.47796,7229.3,7224.47796,3.44171439,BTC/USD,2019-12-31,16:40:00
7225.6,7225.6,7225.6,7225.0,1.3723656599999998,BTC/USD,2019-12-31,16:41:00
7225.5,7225.6,7225.6,7225.0,0.90014142,BTC/USD,2019-12-31,16:42:00
7225.4,7226.50196519,7226.50196519,7225.36993699,1.6139637599999999,BTC/USD,2019-12-31,16:43:00
7226.05277934,7226.05277934,7226.05277934,7226.05277934,0.005,BTC/USD,2019-12-31,16:44:00
7221.5,7222.2,7222.2,7221.4,0.24796825,BTC/USD,2019-12-31,16:45:00
7222.29963863,7224.0,7224.0,7222.1,0.08405822,BTC/USD,2019-12-31,16:46:00
7223.2,7223.6,7223.6,7223.2,0.07,BTC/USD,2019-12-31,16:47:00
7223.46998248,7223.5,7223.5,7223.4,2.12814931,BTC/USD,2019-12-31,16:48:00
7224.4,7225.2,7225.76706836,7224.4,0.23,BTC/USD,2019-12-31,16:49:00
7223.0,7226.1,7226.1,7222.1,0.81214874,BTC/USD,2019-12-31,16:50:00
7224.5,7223.6,7224.5,7223.6,0.08665,BTC/USD,2019-12-31,16:51:00
7224.5,7223.1,7224.5,7223.1,0.48,BTC/USD,2019-12-31,16:52:00
7223.1,7223.5,7223.9,7223.1,0.035,BTC/USD,2019-12-31,16:53:00
7223.4,7223.3,7223.4,7223.3,0.01168582,BTC/USD,2019-12-31,16:55:00
7224.9,7223.2,7224.9,7223.2,0.030000000000000002,BTC/USD,2019-12-31,16:56:00
7223.2,7223.3,7223.3,7223.2,0.08297,BTC/USD,2019-12-31,16:57:00
7223.2877277,7223.3,7223.3,7223.2877277,0.05,BTC/USD,2019-12-31,16:58:00
7223.3,7223.3,7223.3,7223.3,0.025,BTC/USD,2019-12-31,16:59:00
7223.3,7223.3,7223.3,7223.2,0.1726169,BTC/USD,2019-12-31,17:00:00
7223.2,7216.9,7223.2,7215.0,10.19,BTC/USD,2019-12-31,17:01:00
7216.49950221,7216.27495845,7217.7,7215.9,1.57677757,BTC/USD,2019-12-31,17:02:00
7216.2,7215.1,7216.27495845,7215.0,0.45472613,BTC/USD,2019-12-31,17:03:00
7215.0,7215.0,7215.0,7215.0,0.9047000000000001,BTC/USD,2019-12-31,17:04:00
7215.0,7215.0,7215.0,7215.0,0.0260973,BTC/USD,2019-12-31,17:05:00
7215.1,7215.0,7215.1,7215.0,0.040874270000000004,BTC/USD,2019-12-31,17:06:00
7215.1,7215.1,7215.1,7215.1,2.57871397,BTC/USD,2019-12-31,17:07:00
7215.10033283,7215.3,7215.3,7215.10033283,0.6000000000000001,BTC/USD,2019-12-31,17:08:00
7215.29588741,7215.2,7215.3,7215.2,0.135,BTC/USD,2019-12-31,17:09:00
7215.3,7218.2,7218.5,7215.3,2.28273155,BTC/USD,2019-12-31,17:10:00
7218.1,7217.0,7218.1,7216.2,0.03753144,BTC/USD,2019-12-31,17:11:00
7218.3,7220.5,7220.5,7218.3,0.03,BTC/USD,2019-12-31,17:12:00
7220.4,7220.5,7220.5,7220.4,0.13485,BTC/USD,2019-12-31,17:13:00
7220.4,7220.4,7220.5,7220.4,0.288698,BTC/USD,2019-12-31,17:14:00
7217.5,7216.5,7217.6,7216.5,0.14451640999999998,BTC/USD,2019-12-31,17:15:00
7216.48556726,7216.48556726,7216.48556726,7216.48556726,0.05,BTC/USD,2019-12-31,17:16:00
7216.4,7216.4,7216.4,7216.4,0.005,BTC/USD,2019-12-31,17:17:00
7216.5,7216.21824901,7216.5,7216.21824901,0.05,BTC/USD,2019-12-31,17:18:00
7216.5,7216.5,7216.5,7216.5,0.075,BTC/USD,2019-12-31,17:19:00
7216.5,7218.1,7218.2,7216.5,0.31092095000000003,BTC/USD,2019-12-31,17:20:00
7219.8801759,7219.8,7219.9,7219.8,0.060000000000000005,BTC/USD,2019-12-31,17:21:00
7217.6,7213.7,7217.6,7213.5,0.505,BTC/USD,2019-12-31,17:22:00
7214.9,7214.8,7214.9,7214.8,0.030000000000000002,BTC/USD,2019-12-31,17:23:00
7213.9,7212.0,7215.1,7212.0,2.81354422,BTC/USD,2019-12-31,17:24:00
7212.7,7211.0,7215.1,7211.0,3.59654792,BTC/USD,2019-12-31,17:25:00
7210.90800225,7211.0,7211.9,7210.90800225,0.055,BTC/USD,2019-12-31,17:26:00
7211.0,7211.0,7211.5,7211.0,1.3319999999999999,BTC/USD,2019-12-31,17:27:00
7211.3,7211.3,7211.3,7211.0,0.015,BTC/USD,2019-12-31,17:28:00
7211.3,7211.0,7211.3,7211.0,0.07,BTC/USD,2019-12-31,17:29:00
7211.0,7210.74080386,7211.0,7208.7,6.34812914,BTC/USD,2019-12-31,17:30:00
7208.8,7208.8,7208.8,7208.8,0.025,BTC/USD,2019-12-31,17:31:00
7209.3,7209.4,7209.4,7209.3,2.005,BTC/USD,2019-12-31,17:32:00
7209.3423549,7209.3,7209.3423549,7209.3,0.01,BTC/USD,2019-12-31,17:33:00
7209.3,7204.9,7209.3,7204.9,0.6981160000000001,BTC/USD,2019-12-31,17:34:00
7204.9,7203.1881509,7204.9,7203.1,1.02310481,BTC/USD,2019-12-31,17:35:00
7203.1881509,7198.4,7203.1881509,7197.0,26.95783145,BTC/USD,2019-12-31,17:36:00
7198.3,7191.9,7198.3,7189.2,34.74541592,BTC/USD,2019-12-31,17:37:00
7195.5,7195.3581727,7196.4,7193.8,0.45364451,BTC/USD,2019-12-31,17:38:00
7195.3,7184.6,7195.3,7178.0,53.3712391,BTC/USD,2019-12-31,17:39:00
7188.32090034,7186.8,7189.5576178,7183.1,1.01503903,BTC/USD,2019-12-31,17:40:00
7186.7954488,7184.1,7189.7417624,7184.1,0.11854,BTC/USD,2019-12-31,17:41:00
7184.7,7184.7,7185.5,7184.3,0.55655,BTC/USD,2019-12-31,17:42:00
7184.7,7184.6,7184.7,7184.6,0.66518785,BTC/USD,2019-12-31,17:43:00
7184.6,7183.0,7184.6,7181.0,2.641,BTC/USD,2019-12-31,17:44:00
7181.0,7178.7,7182.5,7178.7,0.6063398400000001,BTC/USD,2019-12-31,17:45:00
7179.6,7178.1,7179.6,7178.0,0.5245348,BTC/USD,2019-12-31,17:46:00
7178.0,7178.0,7178.1,7178.0,1.69575195,BTC/USD,2019-12-31,17:47:00
7178.0,7177.01466591,7178.1,7177.0,8.62137035,BTC/USD,2019-12-31,17:48:00
7177.0,7177.0,7177.0,7177.0,2.05768,BTC/USD,2019-12-31,17:49:00
7177.0,7173.0,7177.0,7173.0,13.37848206,BTC/USD,2019-12-31,17:50:00
7173.0,7171.1,7173.0857457,7171.0,11.48107173,BTC/USD,2019-12-31,17:51:00
7171.06515817,7171.7,7171.7,7171.06515817,0.7518286000000001,BTC/USD,2019-12-31,17:52:00
7171.7,7171.6,7171.7,7171.6,0.8148241,BTC/USD,2019-12-31,17:53:00
7171.6,7176.8,7177.4,7171.6,5.65892988,BTC/USD,2019-12-31,17:54:00
7176.3,7176.4,7176.4,7176.3,0.21163592,BTC/USD,2019-12-31,17:55:00
7176.849476,7177.3,7179.6,7176.8,1.01373,BTC/USD,2019-12-31,17:56:00
7177.3,7174.4559654,7177.3,7174.2,0.074,BTC/USD,2019-12-31,17:57:00
7174.9,7174.9,7174.9,7174.8,0.85166013,BTC/USD,2019-12-31,17:58:00
7174.8,7174.0,7174.8,7173.7,0.39580000000000004,BTC/USD,2019-12-31,17:59:00
7173.8,7170.0,7176.1900878,7170.0,12.54147024,BTC/USD,2019-12-31,18:00:00
7170.0,7169.0,7170.02524232,7169.0,6.6625751399999995,BTC/USD,2019-12-31,18:01:00
7169.0,7169.0,7169.1,7169.0,0.13743617,BTC/USD,2019-12-31,18:02:00
7169.1,7169.09538275,7169.1,7169.0,0.31475509,BTC/USD,2019-12-31,18:03:00
7169.0,7165.0,7169.09538275,7165.0,19.5716999,BTC/USD,2019-12-31,18:04:00
7165.0,7163.1,7165.0,7163.0,13.19681864,BTC/USD,2019-12-31,18:05:00
7163.0,7163.0,7163.03300762,7163.0,0.281,BTC/USD,2019-12-31,18:06:00
7163.03300762,7163.1,7163.1,7163.0,1.255825,BTC/USD,2019-12-31,18:07:00
7163.1,7163.176892,7166.0,7163.1,2.33649915,BTC/USD,2019-12-31,18:08:00
7163.2,7163.0,7163.2,7162.9,1.7908717,BTC/USD,2019-12-31,18:09:00
7162.9,7162.1,7162.9,7162.0,0.34135111,BTC/USD,2019-12-31,18:10:00
7162.1,7162.6244264,7165.3,7162.1,3.5626547,BTC/USD,2019-12-31,18:11:00
7162.7,7162.0,7163.0848144,7162.0,5.227545,BTC/USD,2019-12-31,18:12:00
7162.1,7161.3,7162.1,7161.3,3.14502616,BTC/USD,2019-12-31,18:13:00
7161.4,7161.3,7161.4,7161.3,0.34434834,BTC/USD,2019-12-31,18:14:00
7161.4,7161.3,7161.4,7161.3,0.6111260000000001,BTC/USD,2019-12-31,18:15:00
7161.4,7161.3,7165.2,7161.3,3.8707610999999997,BTC/USD,2019-12-31,18:16:00
7161.3,7161.3,7161.3796921,7161.3,0.4365,BTC/USD,2019-12-31,18:17:00
7161.3796921,7161.4,7161.4,7161.3,1.51655363,BTC/USD,2019-12-31,18:18:00
7161.4,7161.4,7161.4,7161.4,0.111,BTC/USD,2019-12-31,18:19:00
7161.3,7161.4,7161.4,7161.3,0.14839681999999998,BTC/USD,2019-12-31,18:20:00
7161.4,7161.4,7161.4,7161.4,0.025,BTC/USD,2019-12-31,18:21:00
7161.37763374,7163.9,7165.1,7161.37763374,5.0618636,BTC/USD,2019-12-31,18:22:00
7162.8,7161.4,7162.8,7161.4,2.74284575,BTC/USD,2019-12-31,18:23:00
7161.5,7161.4,7161.5,7161.4,0.08,BTC/USD,2019-12-31,18:24:00
7161.4,7161.4,7161.5,7161.4,0.5294826699999999,BTC/USD,2019-12-31,18:25:00
7161.4,7165.0,7165.1,7161.4,1.810405,BTC/USD,2019-12-31,18:26:00
7165.0,7165.0,7165.1,7165.0,0.85439957,BTC/USD,2019-12-31,18:27:00
7163.7,7163.7,7163.7,7163.7,1.015,BTC/USD,2019-12-31,18:28:00
7163.7,7174.8,7176.92688735,7163.6,7.54580041,BTC/USD,2019-12-31,18:29:00
7174.8,7171.5,7174.8,7169.7,0.24962925,BTC/USD,2019-12-31,18:30:00
7171.4,7167.9,7171.4,7167.2,3.10531884,BTC/USD,2019-12-31,18:31:00
7168.0,7168.0,7168.1,7168.0,6.34797482,BTC/USD,2019-12-31,18:32:00
7168.0,7168.1,7168.1,7168.0,0.10778842,BTC/USD,2019-12-31,18:33:00
7168.1,7168.1,7168.1,7168.0,0.09,BTC/USD,2019-12-31,18:34:00
7168.1,7168.0,7168.1,7168.0,0.87281663,BTC/USD,2019-12-31,18:35:00
7168.1,7168.1,7168.1,7168.0,0.0103642,BTC/USD,2019-12-31,18:36:00
7168.1,7168.1,7168.1,7168.1,0.005,BTC/USD,2019-12-31,18:37:00
7168.0,7168.1,7168.1,7168.0,0.04923138,BTC/USD,2019-12-31,18:38:00
7168.09390424,7168.09390424,7168.09390424,7168.09390424,0.005,BTC/USD,2019-12-31,18:39:00
7168.09390424,7171.1,7172.9,7168.09390424,1.51664436,BTC/USD,2019-12-31,18:40:00
7171.1,7171.1,7171.1,7171.0,1.080219,BTC/USD,2019-12-31,18:41:00
7171.01200657,7180.6,7180.6,7171.0,3.00284576,BTC/USD,2019-12-31,18:42:00
7177.9762714,7181.6,7181.6,7177.7,5.984008,BTC/USD,2019-12-31,18:43:00
7181.4,7179.6,7181.4,7177.8,0.255,BTC/USD,2019-12-31,18:44:00
7179.6,7179.0,7179.6,7178.7,0.50055486,BTC/USD,2019-12-31,18:45:00
7179.0,7179.0,7180.6,7179.0,1.63678396,BTC/USD,2019-12-31,18:46:00
7179.1,7180.9,7181.42121634,7179.0,4.68801604,BTC/USD,2019-12-31,18:47:00
7180.9,7180.9,7180.9,7180.9,0.08001933,BTC/USD,2019-12-31,18:48:00
7180.9,7180.9,7180.9,7179.2,2.639616,BTC/USD,2019-12-31,18:49:00
7180.8,7172.7,7180.8,7172.7,0.02705742,BTC/USD,2019-12-31,18:50:00
7172.6,7172.2,7172.6,7172.2,0.7584704,BTC/USD,2019-12-31,18:51:00
7172.2,7172.0,7172.3,7172.0,0.7050000000000001,BTC/USD,2019-12-31,18:52:00
7172.0,7171.9,7172.0,7171.9,0.02123027,BTC/USD,2019-12-31,18:53:00
7172.0,7170.8,7172.0,7170.8,0.06138966,BTC/USD,2019-12-31,18:54:00
7170.72621101,7169.9,7170.8,7169.9,0.02276089,BTC/USD,2019-12-31,18:55:00
7170.7,7174.5,7174.5,7170.7,0.32299046,BTC/USD,2019-12-31,18:56:00
7171.8,7172.6,7173.0,7171.8,0.04,BTC/USD,2019-12-31,18:57:00
7172.6,7174.0,7174.0,7172.5,1.13822216,BTC/USD,2019-12-31,18:58:00
7174.0,7173.9,7174.0,7173.9,0.15803424,BTC/USD,2019-12-31,18:59:00
7174.0,7173.9,7174.0,7173.9,0.03864936,BTC/USD,2019-12-31,19:00:00
7173.97329322,7171.9,7174.0,7171.9,0.14683594,BTC/USD,2019-12-31,19:01:00
7170.7,7167.6,7170.71816163,7167.1,1.2904,BTC/USD,2019-12-31,19:02:00
7169.37121062,7168.79628074,7169.4,7168.7,0.29695777,BTC/USD,2019-12-31,19:03:00
7168.8,7166.8,7168.8,7166.8,0.875,BTC/USD,2019-12-31,19:04:00
7166.8,7166.8,7166.9,7166.8,0.11822300000000001,BTC/USD,2019-12-31,19:05:00
7166.8,7166.9,7166.9,7166.8,0.14270975,BTC/USD,2019-12-31,19:06:00
7166.8,7166.8,7166.9,7166.8,0.056477700000000006,BTC/USD,2019-12-31,19:07:00
7166.8,7166.8,7166.8,7166.8,0.031472850000000004,BTC/USD,2019-12-31,19:08:00
7166.8344264,7169.3,7169.4,7166.8,0.9023025100000001,BTC/USD,2019-12-31,19:09:00
7168.7,7168.8,7170.9,7168.6,2.22370879,BTC/USD,2019-12-31,19:10:00
7168.6,7168.9,7168.9,7168.6,0.00497519,BTC/USD,2019-12-31,19:11:00
7168.9,7168.8,7168.9,7168.8,0.57312654,BTC/USD,2019-12-31,19:12:00
7168.9,7168.7,7168.9,7168.7,0.24032006,BTC/USD,2019-12-31,19:13:00
7168.9,7168.8,7168.9,7168.8,0.02,BTC/USD,2019-12-31,19:14:00
7168.72187647,7173.0,7173.0,7168.72187647,5.4531343,BTC/USD,2019-12-31,19:15:00
7173.0,7179.7,7179.7,7172.9180211,1.31550698,BTC/USD,2019-12-31,19:16:00
7180.2,7185.0,7191.1,7180.2,42.188187649999996,BTC/USD,2019-12-31,19:17:00
7184.9,7183.3,7184.9,7183.1,0.24656614000000002,BTC/USD,2019-12-31,19:18:00
7183.3,7189.0,7191.4,7183.3,16.75120801,BTC/USD,2019-12-31,19:19:00
7188.9,7185.9,7191.4,7185.5,18.53784577,BTC/USD,2019-12-31,19:20:00
7184.5,7190.3,7190.9,7183.1,15.92764272,BTC/USD,2019-12-31,19:21:00
7190.2,7190.0,7190.2,7188.2,12.62660389,BTC/USD,2019-12-31,19:22:00
7188.3,7188.7,7188.7,7186.1,10.402953,BTC/USD,2019-12-31,19:23:00
7189.8,7187.6,7189.8,7187.6,0.017204030000000002,BTC/USD,2019-12-31,19:24:00
7188.6,7190.2,7190.7,7188.5,13.81967226,BTC/USD,2019-12-31,19:25:00
7190.2,7190.2,7190.2,7190.2,0.42089,BTC/USD,2019-12-31,19:26:00
7189.72286086,7191.4,7191.6,7189.4,3.83380549,BTC/USD,2019-12-31,19:27:00
7190.0,7190.0,7190.0,7190.0,0.03542,BTC/USD,2019-12-31,19:28:00
7190.0,7189.5,7192.1,7188.1,4.58446312,BTC/USD,2019-12-31,19:29:00
7189.3,7185.10331539,7189.3,7185.10331539,0.21216514,BTC/USD,2019-12-31,19:30:00
7185.1,7185.1,7185.1,7185.1,1.5680929,BTC/USD,2019-12-31,19:31:00
7185.1,7185.1,7185.1,7185.0601094,0.07419813,BTC/USD,2019-12-31,19:32:00
7185.1,7185.1,7185.1,7185.0,2.59075835,BTC/USD,2019-12-31,19:33:00
7184.1,7182.1,7184.1,7182.1,0.54359128,BTC/USD,2019-12-31,19:34:00
7182.1,7182.0,7182.1,7182.0,0.100954,BTC/USD,2019-12-31,19:35:00
7182.1,7182.1,7182.1,7182.1,0.005,BTC/USD,2019-12-31,19:36:00
7182.1,7182.03338499,7182.1,7182.03338499,0.07669999999999999,BTC/USD,2019-12-31,19:38:00
7182.1,7182.0,7182.1,7182.0,0.04495716,BTC/USD,2019-12-31,19:40:00
7182.1,7182.0,7182.1,7182.0,0.03,BTC/USD,2019-12-31,19:41:00
7182.0,7184.4,7185.6,7182.0,5.97991427,BTC/USD,2019-12-31,19:42:00
7183.28742686,7183.28742686,7183.28742686,7183.28742686,0.01,BTC/USD,2019-12-31,19:43:00
7182.1,7182.3,7182.3,7182.1,0.05170914,BTC/USD,2019-12-31,19:44:00
7182.27768064,7182.2,7182.27768064,7182.2,0.01081903,BTC/USD,2019-12-31,19:45:00
7182.2,7182.2,7182.2,7182.2,0.09593431999999999,BTC/USD,2019-12-31,19:46:00
7182.27768064,7182.3,7182.3,7182.2,0.275,BTC/USD,2019-12-31,19:47:00
7184.6,7184.6,7184.6,7184.5,0.15159059,BTC/USD,2019-12-31,19:48:00
7184.6,7189.4,7189.4,7184.6,1.3483737599999999,BTC/USD,2019-12-31,19:49:00
7190.0,7189.4,7190.0,7188.2,0.29739086,BTC/USD,2019-12-31,19:50:00
7188.9,7189.0,7189.0,7188.9,0.27613561,BTC/USD,2019-12-31,19:51:00
7188.9,7189.0,7189.0,7188.9,0.04317,BTC/USD,2019-12-31,19:52:00
7189.0,7189.0,7189.0,7188.98819968,1.92984313,BTC/USD,2019-12-31,19:53:00
7189.0,7189.0,7189.0,7188.98819968,0.155,BTC/USD,2019-12-31,19:54:00
7189.0,7190.3,7192.5,7189.0,1.9878888399999999,BTC/USD,2019-12-31,19:55:00
7190.9,7188.8,7190.9,7188.8,0.4553727,BTC/USD,2019-12-31,19:56:00
7188.8,7187.7,7188.8,7187.7,0.13,BTC/USD,2019-12-31,19:57:00
7186.9,7187.2,7187.2,7186.9,0.015,BTC/USD,2019-12-31,19:58:00
7187.2,7184.79384782,7187.2,7184.79384782,0.0259183,BTC/USD,2019-12-31,19:59:00
7182.4,7182.0,7182.7,7182.0,0.1131205,BTC/USD,2019-12-31,20:00:00
7182.076486,7182.0,7182.076486,7182.0,0.11,BTC/USD,2019-12-31,20:01:00
7182.0,7182.0,7182.076486,7182.0,0.08996372,BTC/USD,2019-12-31,20:02:00
7182.0,7180.0,7182.0,7180.0,0.55770786,BTC/USD,2019-12-31,20:03:00
7180.0,7180.0,7180.0,7180.0,0.03838066,BTC/USD,2019-12-31,20:04:00
7180.04228899,7180.9,7180.9,7180.04228899,0.40079325,BTC/USD,2019-12-31,20:05:00
7184.6,7184.6,7184.6,7184.6,0.02660143,BTC/USD,2019-12-31,20:06:00
7184.5116516,7184.6,7184.6,7184.5116516,0.01,BTC/USD,2019-12-31,20:07:00
7184.6,7184.56950178,7184.6,7184.56950178,0.54267158,BTC/USD,2019-12-31,20:08:00
7184.5,7184.5,7184.5,7184.5,0.32594372000000005,BTC/USD,2019-12-31,20:09:00
7184.56950178,7182.4,7184.56950178,7182.4,1.01096285,BTC/USD,2019-12-31,20:10:00
7182.4,7180.1,7182.4,7180.0,1.05889496,BTC/USD,2019-12-31,20:11:00
7180.1,7177.27825574,7180.1,7177.2,0.75968799,BTC/USD,2019-12-31,20:12:00
7177.2,7177.2,7177.3,7177.2,1.64509635,BTC/USD,2019-12-31,20:13:00
7177.3,7177.3,7177.3,7177.2,0.45944865,BTC/USD,2019-12-31,20:14:00
7177.3,7177.2,7177.3,7177.2,1.24608135,BTC/USD,2019-12-31,20:15:00
7177.3,7177.3,7177.3,7177.3,0.31272733,BTC/USD,2019-12-31,20:16:00
7177.2491694,7180.9,7180.9,7177.2491694,2.11963,BTC/USD,2019-12-31,20:17:00
7180.93134016,7180.9,7181.0,7180.9,0.0591897,BTC/USD,2019-12-31,20:18:00
7181.0,7181.4,7181.4,7181.0,1.0559572,BTC/USD,2019-12-31,20:19:00
7181.5,7181.5,7181.5,7181.4,0.56401033,BTC/USD,2019-12-31,20:20:00
7181.4,7181.4,7181.4,7181.4,0.20733807,BTC/USD,2019-12-31,20:21:00
7181.4,7181.4,7181.4,7181.4,1.09,BTC/USD,2019-12-31,20:22:00
7181.4,7181.4,7181.4,7181.4,0.04273634,BTC/USD,2019-12-31,20:23:00
7181.5,7181.5,7181.5,7181.5,0.12491958,BTC/USD,2019-12-31,20:24:00
7186.3,7185.9,7186.3,7185.9,0.08661409,BTC/USD,2019-12-31,20:25:00
7185.4,7185.4,7185.5,7185.39162306,0.16608040000000002,BTC/USD,2019-12-31,20:26:00
7185.5,7185.4,7185.5,7185.4,0.1512325,BTC/USD,2019-12-31,20:27:00
7183.8,7183.9,7183.9,7183.8,1.1137139,BTC/USD,2019-12-31,20:28:00
7183.35607157,7183.4,7183.4,7183.35607157,0.024999999999999998,BTC/USD,2019-12-31,20:29:00
7183.2,7183.1,7183.2,7183.1,0.02,BTC/USD,2019-12-31,20:30:00
7183.1,7183.1,7183.1,7183.1,0.50150889,BTC/USD,2019-12-31,20:31:00
7183.1,7183.1,7183.1,7183.1,0.186738,BTC/USD,2019-12-31,20:32:00
7183.2,7183.2,7183.2,7183.2,0.005,BTC/USD,2019-12-31,20:33:00
7183.1,7183.1,7183.1,7183.1,0.31422543,BTC/USD,2019-12-31,20:34:00
7183.2,7183.1,7183.2,7183.1,0.035,BTC/USD,2019-12-31,20:35:00
7183.2,7181.7,7183.2,7181.7,0.25173702,BTC/USD,2019-12-31,20:36:00
7181.7,7181.7,7181.7,7181.7,0.06987766000000001,BTC/USD,2019-12-31,20:37:00
7181.7936885,7181.8,7181.8,7181.7,0.63440933,BTC/USD,2019-12-31,20:38:00
7181.75956674,7181.75956674,7181.8,7181.75956674,0.035642,BTC/USD,2019-12-31,20:39:00
7181.7,7193.6,7193.6,7181.7,8.66007831,BTC/USD,2019-12-31,20:40:00
7192.19230088,7188.3,7192.19230088,7188.04164321,0.15219427,BTC/USD,2019-12-31,20:41:00
7188.3,7188.5,7189.7,7188.3,0.17006751,BTC/USD,2019-12-31,20:42:00
7184.9,7184.9,7184.9,7184.8,0.04282,BTC/USD,2019-12-31,20:43:00
7184.8,7184.8,7184.8,7184.8,0.1,BTC/USD,2019-12-31,20:44:00
7184.8,7184.9,7184.9,7184.8,0.08,BTC/USD,2019-12-31,20:45:00
7184.8,7184.9,7184.9,7184.8,0.0476787,BTC/USD,2019-12-31,20:46:00
7184.8,7181.4,7184.8,7180.5,0.128914,BTC/USD,2019-12-31,20:47:00
7181.9,7181.9,7181.9,7181.9,0.00338312,BTC/USD,2019-12-31,20:48:00
7181.6,7181.0,7182.0,7181.0,0.2377619,BTC/USD,2019-12-31,20:49:00
7181.2,7179.3,7181.2,7179.3,2.05,BTC/USD,2019-12-31,20:50:00
7178.8,7178.8,7178.8,7178.8,0.028932489999999998,BTC/USD,2019-12-31,20:51:00
7178.9,7178.9,7178.9,7178.9,0.005,BTC/USD,2019-12-31,20:52:00
7178.8,7178.0,7178.8,7177.1,8.316316,BTC/USD,2019-12-31,20:53:00
7178.7,7177.9,7178.7,7177.9,0.05421632,BTC/USD,2019-12-31,20:54:00
7178.7,7178.3,7178.7,7177.9,0.28147808,BTC/USD,2019-12-31,20:55:00
7178.1,7178.2,7178.2,7178.1,0.01847368,BTC/USD,2019-12-31,20:56:00
7178.2,7178.1,7178.2,7178.1,0.04817909,BTC/USD,2019-12-31,20:57:00
7178.1,7181.3,7181.3,7178.1,0.8146181299999999,BTC/USD,2019-12-31,20:58:00
7180.8,7180.6,7180.8,7180.6,0.47807591,BTC/USD,2019-12-31,20:59:00
7180.7,7180.6,7180.7,7180.6,0.0509997,BTC/USD,2019-12-31,21:00:00
7180.6,7180.6,7180.7,7180.6,0.70120136,BTC/USD,2019-12-31,21:01:00
7180.6,7180.7,7180.7,7180.6,1.030979,BTC/USD,2019-12-31,21:02:00
7180.67502436,7180.6,7180.67502436,7180.6,0.16261032,BTC/USD,2019-12-31,21:03:00
7180.7,7180.6,7180.7,7180.6,0.16179079999999998,BTC/USD,2019-12-31,21:04:00
7180.7,7180.6,7180.7,7180.6,0.03643517,BTC/USD,2019-12-31,21:05:00
7180.6,7180.7,7180.7,7180.6,0.060923540000000005,BTC/USD,2019-12-31,21:06:00
7180.6,7180.6,7180.6,7180.6,0.18,BTC/USD,2019-12-31,21:07:00
7180.7,7180.6,7180.7,7180.6,0.08941958,BTC/USD,2019-12-31,21:08:00
7180.6,7180.7,7180.7,7180.6,0.255,BTC/USD,2019-12-31,21:09:00
7180.7,7184.7,7184.7,7180.7,3.67890679,BTC/USD,2019-12-31,21:10:00
7184.7,7186.1,7186.1,7184.6,0.26651369,BTC/USD,2019-12-31,21:11:00
7187.4,7187.4,7187.4,7187.4,0.015,BTC/USD,2019-12-31,21:12:00
7187.37994044,7187.4,7187.4,7187.3,0.0519484,BTC/USD,2019-12-31,21:13:00
7187.4,7191.2,7191.3,7187.4,1.4580516,BTC/USD,2019-12-31,21:14:00
7190.8,7185.0,7190.8,7185.0,1.0688915700000001,BTC/USD,2019-12-31,21:15:00
7185.1,7184.6,7185.1,7182.2,0.34166805,BTC/USD,2019-12-31,21:16:00
7184.6,7185.9,7185.9,7184.6,0.326,BTC/USD,2019-12-31,21:17:00
7187.0,7187.0,7187.0,7187.0,0.04,BTC/USD,2019-12-31,21:18:00
7187.0,7187.0,7187.0,7187.0,0.0292,BTC/USD,2019-12-31,21:19:00
7187.0,7186.9,7187.0,7186.8,1.06044,BTC/USD,2019-12-31,21:20:00
7186.9,7186.8,7186.9,7186.8,0.051266,BTC/USD,2019-12-31,21:21:00
7187.6,7187.6,7187.6,7187.6,0.02446774,BTC/USD,2019-12-31,21:22:00
7188.6,7189.6,7189.6,7188.4,0.01942913,BTC/USD,2019-12-31,21:23:00
7189.0,7188.9,7189.0,7188.9,0.08492144,BTC/USD,2019-12-31,21:24:00
7189.0,7189.0,7189.0,7188.3,1.01007856,BTC/USD,2019-12-31,21:25:00
7188.9,7188.7,7189.0,7188.3,1.06509955,BTC/USD,2019-12-31,21:26:00
7190.3,7191.0,7191.0,7190.3,0.08678359,BTC/USD,2019-12-31,21:27:00
7191.0,7194.4,7195.8,7191.0,10.83815515,BTC/USD,2019-12-31,21:28:00
7194.4,7195.8,7195.8,7194.4,6.54713807,BTC/USD,2019-12-31,21:29:00
7195.7,7195.8,7195.8,7195.7,1.66651159,BTC/USD,2019-12-31,21:30:00
7195.8,7195.71887134,7195.8,7195.7,3.15032062,BTC/USD,2019-12-31,21:31:00
7195.71887134,7195.8,7195.8,7195.71887134,0.03381036,BTC/USD,2019-12-31,21:32:00
7195.8,7194.9,7195.8,7194.9,0.10485664,BTC/USD,2019-12-31,21:33:00
7193.71533989,7193.60318151,7193.8,7193.60318151,0.041087,BTC/USD,2019-12-31,21:34:00
7193.60318151,7191.8,7193.60318151,7191.7,0.14892566999999998,BTC/USD,2019-12-31,21:35:00
7192.2,7192.150609,7192.2,7191.3,0.1942366,BTC/USD,2019-12-31,21:36:00
7192.150609,7192.150609,7192.150609,7192.150609,0.02,BTC/USD,2019-12-31,21:37:00
7192.150609,7192.2,7192.2,7192.14528391,0.885,BTC/USD,2019-12-31,21:38:00
7192.1,7192.1,7192.1,7191.2,0.07,BTC/USD,2019-12-31,21:39:00
7191.96054165,7191.96054165,7192.0,7191.9,0.09517424000000001,BTC/USD,2019-12-31,21:40:00
7191.96054165,7191.96054165,7192.0,7191.96054165,0.0620491,BTC/USD,2019-12-31,21:41:00
7191.9,7191.9,7191.9,7191.9,0.01,BTC/USD,2019-12-31,21:42:00
7190.7,7190.8,7190.8,7190.7,0.030000000000000002,BTC/USD,2019-12-31,21:43:00
7190.7,7194.1,7194.1,7190.7,2.03980064,BTC/USD,2019-12-31,21:44:00
7193.8,7193.9,7194.0,7193.8,0.9702652900000001,BTC/USD,2019-12-31,21:45:00
7193.9,7193.9,7193.9,7193.9,0.01107053,BTC/USD,2019-12-31,21:46:00
7194.0,7193.9,7194.0,7193.9,0.0460445,BTC/USD,2019-12-31,21:47:00
7194.0,7194.0,7194.0,7194.0,0.0537,BTC/USD,2019-12-31,21:48:00
7193.9,7193.9,7193.9,7193.9,0.7422194999999999,BTC/USD,2019-12-31,21:49:00
7193.9,7193.9,7194.0,7193.9,0.28449155,BTC/USD,2019-12-31,21:51:00
7194.0,7194.0,7194.0,7194.0,0.015,BTC/USD,2019-12-31,21:52:00
7194.0,7194.0,7194.0,7194.0,0.12953527,BTC/USD,2019-12-31,21:53:00
7193.9,7193.9,7193.9,7193.9,0.125,BTC/USD,2019-12-31,21:54:00
7193.9,7195.2,7199.39439198,7193.9,15.54264843,BTC/USD,2019-12-31,21:55:00
7196.7,7198.94581062,7198.94581062,7194.9,29.688347880000002,BTC/USD,2019-12-31,21:56:00
7198.4,7198.1,7199.0,7197.3,3.72141296,BTC/USD,2019-12-31,21:57:00
7197.7,7197.37186245,7197.7,7197.37186245,0.03100025,BTC/USD,2019-12-31,21:58:00
7197.37186245,7197.4,7197.4,7197.37186245,0.059334990000000004,BTC/USD,2019-12-31,21:59:00
7197.3,7194.2,7197.3,7193.6,0.06263457,BTC/USD,2019-12-31,22:00:00
7194.34460029,7194.34460029,7194.34460029,7194.3,0.01623178,BTC/USD,2019-12-31,22:01:00
7194.0,7194.12035864,7194.12035864,7194.0,0.01,BTC/USD,2019-12-31,22:02:00
7194.12035864,7196.5,7196.5,7194.12035864,1.5458,BTC/USD,2019-12-31,22:03:00
7196.5,7199.2,7199.2,7196.47276503,2.93845403,BTC/USD,2019-12-31,22:04:00
7197.1,7197.8,7199.7,7197.1,3.215,BTC/USD,2019-12-31,22:05:00
7197.7,7197.5,7198.8,7196.47276503,29.33973368,BTC/USD,2019-12-31,22:06:00
7197.5,7200.1,7200.1,7197.4,14.51345349,BTC/USD,2019-12-31,22:07:00
7200.0,7200.5,7200.5,7200.0,2.16210502,BTC/USD,2019-12-31,22:08:00
7200.5,7200.5,7200.5,7200.5,0.13180415,BTC/USD,2019-12-31,22:09:00
7200.4776064,7200.5,7200.5,7200.4776064,0.02,BTC/USD,2019-12-31,22:10:00
7200.5,7200.5,7200.5,7200.4776064,0.204526,BTC/USD,2019-12-31,22:11:00
7200.5,7200.5,7200.5,7200.5,0.00912924,BTC/USD,2019-12-31,22:12:00
7200.5,7200.5,7200.5,7200.5,0.13004308,BTC/USD,2019-12-31,22:13:00
7200.5,7200.4,7200.5,7200.4,1.085,BTC/USD,2019-12-31,22:14:00
7200.5,7200.4,7200.5,7200.4,0.22830168,BTC/USD,2019-12-31,22:15:00
7200.4,7200.5,7200.5,7200.4,0.009890280000000001,BTC/USD,2019-12-31,22:16:00
7200.48401442,7200.48401442,7200.48401442,7200.48401442,0.02,BTC/USD,2019-12-31,22:17:00
7200.5,7201.2,7201.2,7200.48404351,1.80279715,BTC/USD,2019-12-31,22:18:00
7201.2,7201.2,7201.2,7201.2,0.11420112,BTC/USD,2019-12-31,22:19:00
7201.2,7201.2,7201.2,7201.1,0.53778185,BTC/USD,2019-12-31,22:20:00
7201.2,7201.1,7201.2,7201.1,2.05528236,BTC/USD,2019-12-31,22:21:00
7201.2,7201.1,7201.2,7201.1,0.91,BTC/USD,2019-12-31,22:22:00
7201.1,7201.2,7201.2,7201.1,2.74849393,BTC/USD,2019-12-31,22:23:00
7201.2,7201.2,7201.2,7201.1,0.32099999999999995,BTC/USD,2019-12-31,22:24:00
7201.2,7201.1,7201.2,7201.1,0.015,BTC/USD,2019-12-31,22:25:00
7201.2,7201.1,7201.2,7201.1,0.02245556,BTC/USD,2019-12-31,22:26:00
7201.1806908,7201.2,7201.2,7201.1,0.85869365,BTC/USD,2019-12-31,22:28:00
7201.2,7201.2,7201.2,7201.2,0.005,BTC/USD,2019-12-31,22:29:00
7201.2,7201.2,7201.2,7201.2,0.02822684,BTC/USD,2019-12-31,22:30:00
7201.2,7201.23756547,7201.23756547,7201.12536514,0.03048544,BTC/USD,2019-12-31,22:31:00
7201.3,7203.2,7203.2,7201.3,1.10343802,BTC/USD,2019-12-31,22:33:00
7203.1,7203.19443059,7203.19443868,7203.1,0.015,BTC/USD,2019-12-31,22:34:00
7203.19443059,7206.8,7206.8,7203.19443059,2.4097499399999998,BTC/USD,2019-12-31,22:35:00
7206.8,7208.0,7208.0,7206.7,1.11319443,BTC/USD,2019-12-31,22:36:00
7208.0,7208.1,7208.1,7208.0,2.12478705,BTC/USD,2019-12-31,22:37:00
7208.1,7210.3,7210.3,7208.1,6.095578,BTC/USD,2019-12-31,22:38:00
7210.3,7210.90559978,7212.6,7210.3,4.343,BTC/USD,2019-12-31,22:39:00
7210.90147208,7207.53884957,7210.9107846,7207.53884957,9.668159900000001,BTC/USD,2019-12-31,22:40:00
7206.3,7206.3,7206.3,7206.3,0.0072031000000000005,BTC/USD,2019-12-31,22:41:00
7206.8,7205.6,7206.8,7205.5,1.105,BTC/USD,2019-12-31,22:42:00
7205.6650803,7206.9,7206.9,7204.8,1.55602128,BTC/USD,2019-12-31,22:43:00
7206.8,7204.7,7206.877131,7204.3,0.530865,BTC/USD,2019-12-31,22:44:00
7206.8,7207.0,7207.0,7206.8,0.055,BTC/USD,2019-12-31,22:45:00
7207.1,7208.2,7208.2,7205.6,0.44369743,BTC/USD,2019-12-31,22:46:00
7208.5,7208.0,7208.5,7207.9,1.61359975,BTC/USD,2019-12-31,22:47:00
7208.0,7212.5,7212.5,7207.9,8.86725845,BTC/USD,2019-12-31,22:48:00
7212.4,7212.5,7212.5,7212.4,0.616775,BTC/USD,2019-12-31,22:49:00
7212.5,7212.4,7212.5,7212.4,0.227,BTC/USD,2019-12-31,22:50:00
7212.4,7212.5,7212.5,7212.4,0.11693942,BTC/USD,2019-12-31,22:51:00
7212.5,7212.8,7212.8,7212.4,0.3156,BTC/USD,2019-12-31,22:52:00
7212.8,7218.2,7227.3,7212.8,76.66009448,BTC/USD,2019-12-31,22:53:00
7218.0,7217.9447175,7218.0,7216.932525,0.14708453,BTC/USD,2019-12-31,22:54:00
7218.0,7218.0,7218.0,7217.2,0.10500000000000001,BTC/USD,2019-12-31,22:55:00
7217.9,7218.0,7218.0,7217.9,0.03187415,BTC/USD,2019-12-31,22:56:00
7218.0,7218.0,7218.0,7217.9,0.07037839,BTC/USD,2019-12-31,22:57:00
7218.0,7218.0,7218.0,7218.0,0.36,BTC/USD,2019-12-31,22:58:00
7218.0,7217.0,7218.0,7217.0,0.065,BTC/USD,2019-12-31,22:59:00
7216.6,7216.4,7216.6,7216.1,0.14228702,BTC/USD,2019-12-31,23:00:00
7216.2,7215.8,7216.2,7215.8,0.041202130000000003,BTC/USD,2019-12-31,23:01:00
7216.09341719,7216.09341719,7216.09341719,7216.0,0.017,BTC/USD,2019-12-31,23:02:00
7216.0,7210.2,7216.0,7209.9,0.29203721,BTC/USD,2019-12-31,23:03:00
7209.1,7209.0,7209.1,7209.0,0.1,BTC/USD,2019-12-31,23:04:00
7209.02387648,7209.1,7209.1,7209.02387648,0.205,BTC/USD,2019-12-31,23:05:00
7209.02387648,7209.0,7209.1,7209.0,0.12007743,BTC/USD,2019-12-31,23:06:00
7209.0,7209.0,7209.1,7209.0,0.01652588,BTC/USD,2019-12-31,23:07:00
7209.0,7209.1,7209.1,7209.0,0.01655325,BTC/USD,2019-12-31,23:08:00
7209.1,7209.1,7209.1,7209.1,0.005,BTC/USD,2019-12-31,23:09:00
7209.0,7209.03592085,7209.1,7209.0,0.42626583999999995,BTC/USD,2019-12-31,23:11:00
7209.03592085,7209.1,7209.1,7209.03592085,0.01,BTC/USD,2019-12-31,23:12:00
7209.01738169,7209.1,7209.1,7209.01738169,0.35913156,BTC/USD,2019-12-31,23:13:00
7209.01738169,7209.1,7209.1,7209.01738169,0.11000000000000001,BTC/USD,2019-12-31,23:14:00
7209.01902,7209.01902,7209.01902,7209.01902,0.02089809,BTC/USD,2019-12-31,23:16:00
7209.01902,7209.0,7209.01902,7209.0,0.015,BTC/USD,2019-12-31,23:17:00
7209.0,7209.0,7209.0,7209.0,0.21100000000000002,BTC/USD,2019-12-31,23:18:00
7209.01451714,7209.01902,7209.01902,7209.01451714,0.02110461,BTC/USD,2019-12-31,23:20:00
7209.0,7209.0,7209.0,7209.0,0.01,BTC/USD,2019-12-31,23:21:00
7209.01902,7209.01902,7209.01902,7209.01902,0.005,BTC/USD,2019-12-31,23:23:00
7209.01451714,7203.2,7209.01451714,7203.0,0.41877635,BTC/USD,2019-12-31,23:25:00
7202.7,7202.73136933,7202.73136933,7202.7,0.06136781,BTC/USD,2019-12-31,23:26:00
7202.73136933,7202.7,7202.73136933,7202.7,0.43,BTC/USD,2019-12-31,23:27:00
7202.76183,7203.6,7205.0,7202.76183,15.55654519,BTC/USD,2019-12-31,23:28:00
7203.6,7205.4,7205.4,7203.3,22.18968825,BTC/USD,2019-12-31,23:29:00
7204.4,7202.2,7204.4,7201.6,11.91814743,BTC/USD,2019-12-31,23:30:00
7201.60937865,7202.3,7202.9,7199.0,30.82831456,BTC/USD,2019-12-31,23:31:00
7200.8,7202.6,7203.0,7200.8,37.73833343,BTC/USD,2019-12-31,23:32:00
7204.8,7204.4,7205.0,7203.2,11.71536939,BTC/USD,2019-12-31,23:33:00
7204.3,7204.3,7205.0,7203.5,13.95747808,BTC/USD,2019-12-31,23:34:00
7205.1,7205.2,7205.2,7205.1,0.015,BTC/USD,2019-12-31,23:35:00
7205.2,7205.2,7205.2,7205.1,0.085461,BTC/USD,2019-12-31,23:36:00
7205.0,7204.6,7205.0,7204.6,0.20500000000000002,BTC/USD,2019-12-31,23:37:00
7204.5,7204.8,7204.8,7204.5,0.037700000000000004,BTC/USD,2019-12-31,23:38:00
7204.8,7204.7,7204.8,7204.7,2.748863,BTC/USD,2019-12-31,23:39:00
7204.8,7204.7,7204.8,7204.7,0.27988428,BTC/USD,2019-12-31,23:40:00
7204.8,7204.7,7204.8,7204.7,0.00989608,BTC/USD,2019-12-31,23:41:00
7204.8,7204.8,7204.8,7204.8,0.005,BTC/USD,2019-12-31,23:42:00
7204.7,7204.8,7204.8,7204.7,0.0171,BTC/USD,2019-12-31,23:43:00
7204.8,7204.7,7204.8,7204.7,0.02,BTC/USD,2019-12-31,23:44:00
7205.5,7209.3,7209.3,7205.5,0.0871927,BTC/USD,2019-12-31,23:46:00
7209.4,7209.181177,7210.7,7209.1,0.10767555000000001,BTC/USD,2019-12-31,23:47:00
7209.0,7210.7,7210.8,7209.0,0.13,BTC/USD,2019-12-31,23:48:00
7210.8,7209.457204,7210.8,7209.457204,0.05077429,BTC/USD,2019-12-31,23:49:00
7209.457204,7209.5,7209.5,7209.457204,0.017029990000000002,BTC/USD,2019-12-31,23:50:00
7210.5,7210.8,7210.8,7210.5,0.0921656,BTC/USD,2019-12-31,23:51:00
7210.8,7215.9,7215.9,7210.8,0.13,BTC/USD,2019-12-31,23:52:00
7215.9,7215.9,7216.6,7215.9,0.28085805,BTC/USD,2019-12-31,23:53:00
7216.1,7216.6,7216.6,7216.1,0.06,BTC/USD,2019-12-31,23:54:00
7216.6,7216.5,7216.6,7216.5,0.05492099,BTC/USD,2019-12-31,23:55:00
7215.6,7209.4,7215.6,7209.4,0.25252365,BTC/USD,2019-12-31,23:56:00
7207.1,7207.4,7207.4,7207.1,0.02,BTC/USD,2019-12-31,23:57:00
7208.2,7208.2,7208.2,7208.2,0.005,BTC/USD,2019-12-31,23:58:00
7208.3,7208.3,7208.3,7208.3,0.005,BTC/USD,2019-12-31,23:59:00
7208.2,7200.0,7208.2,7200.0,0.59313,BTC/USD,2020-01-01,00:00:00
7200.0,7200.0,7200.0,7200.0,0.5367946100000001,BTC/USD,2020-01-01,00:01:00
7200.0,7200.0385917,7200.0385917,7200.0,0.02224822,BTC/USD,2020-01-01,00:02:00
7200.0,7200.0,7200.0,7200.0,0.0225847,BTC/USD,2020-01-01,00:03:00
7200.0,7199.0,7200.0,7199.0,0.46502606,BTC/USD,2020-01-01,00:04:00
7199.0,7194.5,7199.02880008,7192.1,1.54984999,BTC/USD,2020-01-01,00:05:00
7194.0,7194.0,7194.0,7194.0,0.017138399999999998,BTC/USD,2020-01-01,00:06:00
7194.0,7194.1,7194.1,7194.0,0.013424229999999999,BTC/USD,2020-01-01,00:07:00
7194.0,7197.81622354,7197.81622354,7194.0,0.015,BTC/USD,2020-01-01,00:08:00
7197.81622354,7201.7,7201.7,7197.81622354,1.27812634,BTC/USD,2020-01-01,00:09:00
7203.9,7202.1,7203.9,7202.1,0.44,BTC/USD,2020-01-01,00:10:00
7202.1,7202.0,7202.1,7202.0,0.00604912,BTC/USD,2020-01-01,00:11:00
7202.6,7201.2,7202.6,7201.2,0.030000000000000002,BTC/USD,2020-01-01,00:12:00
7200.3,7199.5,7200.3,7199.5,0.09999999999999999,BTC/USD,2020-01-01,00:13:00
7196.3,7195.3,7196.5,7195.3,0.48379904,BTC/USD,2020-01-01,00:14:00
7196.1,7196.8,7198.4,7196.1,1.39860402,BTC/USD,2020-01-01,00:15:00
7196.7,7195.8,7197.1,7195.8,0.14853569,BTC/USD,2020-01-01,00:16:00
7196.6,7195.1,7196.6,7195.1,1.025,BTC/USD,2020-01-01,00:17:00
7194.1,7188.2,7194.1,7188.1,12.18778458,BTC/USD,2020-01-01,00:18:00
7188.2,7190.27605747,7190.8,7187.92153077,0.38412956000000004,BTC/USD,2020-01-01,00:19:00
7190.27605747,7193.4,7193.4,7190.2,8.78000249,BTC/USD,2020-01-01,00:20:00
7192.2298632,7197.1,7197.1,7191.5,8.14888909,BTC/USD,2020-01-01,00:21:00
7192.7,7197.67599852,7197.67599852,7191.9,7.59691488,BTC/USD,2020-01-01,00:22:00
7193.0,7195.2,7195.2,7193.0,3.71631943,BTC/USD,2020-01-01,00:23:00
7194.7,7193.6,7194.7,7193.6,0.025,BTC/USD,2020-01-01,00:24:00
7193.9,7195.1,7195.9,7193.9,0.2970417,BTC/USD,2020-01-01,00:25:00
7197.9,7197.1,7197.9,7197.1,0.30684116,BTC/USD,2020-01-01,00:26:00
7194.6,7194.9,7195.6,7194.5,0.28104235,BTC/USD,2020-01-01,00:27:00
7195.4,7195.0,7196.6,7195.0,0.1154,BTC/USD,2020-01-01,00:28:00
7196.6,7196.78310574,7196.78310574,7196.6,0.16000688,BTC/USD,2020-01-01,00:29:00
7194.2,7195.77334585,7196.1,7194.2,0.03,BTC/USD,2020-01-01,00:30:00
7195.77334585,7195.7,7195.77334585,7195.7,0.00688289,BTC/USD,2020-01-01,00:31:00
7195.747863,7195.77334585,7195.77334585,7195.747863,0.11432400000000001,BTC/USD,2020-01-01,00:32:00
7195.7,7198.60248728,7198.60248728,7195.7,0.26,BTC/USD,2020-01-01,00:34:00
7195.7,7200.0,7200.0,7195.57319741,16.1878747,BTC/USD,2020-01-01,00:35:00
7199.3,7198.6,7199.3,7198.4,0.23000000999999998,BTC/USD,2020-01-01,00:36:00
7198.2,7198.1,7198.2,7198.1,0.030769730000000002,BTC/USD,2020-01-01,00:37:00
7197.0,7197.0,7197.0,7197.0,0.05333866,BTC/USD,2020-01-01,00:38:00
7196.0,7194.2,7196.0,7194.2,0.17148426,BTC/USD,2020-01-01,00:39:00
7195.0,7196.2,7196.2,7195.0,0.125,BTC/USD,2020-01-01,00:40:00
7196.1,7195.0,7196.2,7195.0,0.01925394,BTC/USD,2020-01-01,00:41:00
7194.8,7194.7,7195.7,7194.6,4.09166503,BTC/USD,2020-01-01,00:42:00
7195.8,7195.931881,7198.20936716,7195.8,0.47073381,BTC/USD,2020-01-01,00:43:00
7195.8,7200.0,7200.00449696,7195.6288904,4.08262412,BTC/USD,2020-01-01,00:44:00
7197.0,7195.931881,7197.0,7195.931881,0.16802503,BTC/USD,2020-01-01,00:45:00
7197.3,7197.3,7197.3,7197.3,0.01,BTC/USD,2020-01-01,00:46:00
7196.2,7201.9,7201.9,7196.2,3.03693442,BTC/USD,2020-01-01,00:47:00
7198.0,7189.2,7198.0,7189.2,17.83069425,BTC/USD,2020-01-01,00:48:00
7191.0,7189.9,7191.6,7189.9,0.33554594,BTC/USD,2020-01-01,00:49:00
7190.5,7190.4,7190.5,7189.9,0.35436034,BTC/USD,2020-01-01,00:50:00
7191.1,7191.0,7191.1,7191.0,4.13443192,BTC/USD,2020-01-01,00:51:00
7191.0,7191.0,7191.09029438,7191.0,0.1831168,BTC/USD,2020-01-01,00:52:00
7191.0,7187.08454579,7191.0,7185.4,1.33059601,BTC/USD,2020-01-01,00:53:00
7187.0,7187.0,7187.0,7187.0,0.00393239,BTC/USD,2020-01-01,00:54:00
7187.0,7187.08454579,7187.08454579,7187.0,0.39429422000000003,BTC/USD,2020-01-01,00:55:00
7187.08454579,7187.08454579,7187.08454579,7187.0,0.06,BTC/USD,2020-01-01,00:56:00
7188.0,7186.41479604,7188.08917041,7186.41479604,2.0664515100000003,BTC/USD,2020-01-01,00:57:00
7186.41479604,7189.80885108,7189.80885108,7186.41479604,0.26823121,BTC/USD,2020-01-01,00:58:00
7187.4,7189.80885108,7189.80885108,7187.4,0.059166300000000005,BTC/USD,2020-01-01,00:59:00
7187.5,7187.5,7189.6,7187.4,0.27815754,BTC/USD,2020-01-01,01:00:00
7188.3,7188.3,7188.3,7188.3,0.278209,BTC/USD,2020-01-01,01:01:00
7188.35731184,7192.93524683,7192.93524683,7188.35731184,0.02652902,BTC/USD,2020-01-01,01:02:00
7192.82358644,7195.3016322,7195.72666493,7192.82358644,0.20950696000000002,BTC/USD,2020-01-01,01:03:00
7197.5105586,7197.29251924,7197.51590929,7197.29251924,0.1420761,BTC/USD,2020-01-01,01:05:00
7197.2,7197.8,7197.8,7197.2,0.17253114,BTC/USD,2020-01-01,01:06:00
7197.8,7201.9,7202.9,7197.77390863,0.77500592,BTC/USD,2020-01-01,01:07:00
7201.9,7201.8,7201.9,7201.8,0.06056501,BTC/USD,2020-01-01,01:08:00
7202.9,7201.5,7202.9,7201.5,0.10500000000000001,BTC/USD,2020-01-01,01:09:00
7202.4,7202.5,7202.7,7201.80291212,0.0670472,BTC/USD,2020-01-01,01:10:00
7204.8,7202.7,7205.4180495,7202.7,0.06,BTC/USD,2020-01-01,01:11:00
7203.1,7205.5,7205.7862035,7203.0,0.071008,BTC/USD,2020-01-01,01:12:00
7204.957857,7203.7613565,7206.1,7203.7613565,0.03,BTC/USD,2020-01-01,01:13:00
7206.0701484,7206.0701484,7206.0701484,7206.0701484,0.005,BTC/USD,2020-01-01,01:14:00
7205.2,7205.5,7205.5,7205.2,0.015,BTC/USD,2020-01-01,01:15:00
7206.8,7207.2,7207.4,7206.8,0.0687306,BTC/USD,2020-01-01,01:16:00
7207.3,7207.3,7207.3,7207.2,0.04582365,BTC/USD,2020-01-01,01:17:00
7207.3,7206.3,7207.3,7206.3,1.0348,BTC/USD,2020-01-01,01:18:00
7206.9,7206.9,7206.9,7206.9,0.00552,BTC/USD,2020-01-01,01:19:00
7207.8,7206.7,7207.8,7206.7,0.05469652,BTC/USD,2020-01-01,01:20:00
7207.82521744,7206.9748736,7210.1962176,7206.9748736,6.015,BTC/USD,2020-01-01,01:21:00
7211.7,7212.2,7212.2,7211.7,0.17846668999999998,BTC/USD,2020-01-01,01:22:00
7212.1,7208.1,7212.129024,7208.1,0.8450270099999999,BTC/USD,2020-01-01,01:23:00
7208.2,7208.2,7208.2,7208.2,0.005,BTC/USD,2020-01-01,01:24:00
7208.1,7214.929371,7214.929371,7208.1,1.70320297,BTC/USD,2020-01-01,01:25:00
7215.0,7215.0,7215.0,7214.929371,0.14256546,BTC/USD,2020-01-01,01:26:00
7215.0,7224.1,7226.1,7214.929371,2.57437558,BTC/USD,2020-01-01,01:27:00
7226.0,7226.0,7226.0,7225.9,5.25472843,BTC/USD,2020-01-01,01:28:00
7226.0,7225.9949022,7226.0,7225.9,1.5625930000000001,BTC/USD,2020-01-01,01:29:00
7226.0,7229.524057,7229.524057,7225.9028771,1.79156922,BTC/USD,2020-01-01,01:30:00
7229.8,7240.5,7250.0,7229.8,16.78470415,BTC/USD,2020-01-01,01:31:00
7240.6,7230.7,7240.6,7230.41777695,2.95922057,BTC/USD,2020-01-01,01:32:00
7231.2,7231.2,7231.2,7231.14566284,0.82208,BTC/USD,2020-01-01,01:33:00
7231.2,7231.1483078,7231.2,7231.1483078,0.16,BTC/USD,2020-01-01,01:34:00
7231.1483078,7227.76297456,7231.1483078,7227.76297456,5.04,BTC/USD,2020-01-01,01:35:00
7227.8,7227.7,7227.8,7227.7,2.04289,BTC/USD,2020-01-01,01:36:00
7227.7,7227.8,7227.8,7227.7,0.03,BTC/USD,2020-01-01,01:37:00
7227.76297456,7227.8,7227.8,7227.76297456,0.61515943,BTC/USD,2020-01-01,01:38:00
7227.9,7231.7473425,7231.8,7227.9,0.09038733,BTC/USD,2020-01-01,01:39:00
7231.8,7232.7,7234.8,7231.7,4.09631768,BTC/USD,2020-01-01,01:40:00
7232.9,7232.85162576,7232.9,7232.8,0.075,BTC/USD,2020-01-01,01:41:00
7232.85162576,7232.8,7232.85162576,7232.8,0.9026410500000001,BTC/USD,2020-01-01,01:42:00
7229.2,7228.4,7229.2,7228.3,0.21376815,BTC/USD,2020-01-01,01:43:00
7228.3,7228.5,7228.5,7228.3,0.11000002,BTC/USD,2020-01-01,01:44:00
7228.4,7228.4,7228.4,7228.4,0.016,BTC/USD,2020-01-01,01:45:00
7228.4,7228.4,7228.4,7228.4,0.01,BTC/USD,2020-01-01,01:46:00
7228.4,7228.4,7228.4,7228.4,0.005,BTC/USD,2020-01-01,01:47:00
7228.4347125,7224.1,7228.4347125,7224.1,0.92,BTC/USD,2020-01-01,01:48:00
7224.4,7224.3,7224.7,7224.3,0.065,BTC/USD,2020-01-01,01:49:00
7224.4,7224.4,7224.4,7224.3,0.12745282,BTC/USD,2020-01-01,01:50:00
7224.3,7224.3,7224.3,7224.3,0.015000010000000001,BTC/USD,2020-01-01,01:51:00
7224.3,7224.3,7224.3,7224.3,0.026961930000000002,BTC/USD,2020-01-01,01:52:00
7224.4,7224.4,7224.4,7224.4,2.2735787700000003,BTC/USD,2020-01-01,01:53:00
7224.4,7224.362662,7224.4,7224.362662,0.015,BTC/USD,2020-01-01,01:54:00
7224.362662,7224.362662,7224.362662,7224.362662,0.005,BTC/USD,2020-01-01,01:55:00
7224.3,7224.3,7224.3,7224.3,0.01055463,BTC/USD,2020-01-01,01:57:00
7224.34732988,7224.6231168,7224.6231168,7224.3,0.695,BTC/USD,2020-01-01,01:58:00
7224.9,7227.8,7227.8,7224.9,0.050000020000000006,BTC/USD,2020-01-01,01:59:00
7231.24716,7233.85201453,7233.85201453,7231.24716,0.16492768,BTC/USD,2020-01-01,02:00:00
7233.85201453,7233.8,7233.9,7233.8,1.60179527,BTC/USD,2020-01-01,02:01:00
7233.85201453,7233.85201453,7233.85201453,7233.8,0.05779829,BTC/USD,2020-01-01,02:02:00
7233.85201453,7238.1,7238.1,7233.85201453,1.51033751,BTC/USD,2020-01-01,02:03:00
7237.74425081,7237.6,7237.74425081,7237.6,1.07414692,BTC/USD,2020-01-01,02:04:00
7237.7,7237.6,7237.7,7237.6,0.01038147,BTC/USD,2020-01-01,02:05:00
7237.63258135,7237.6,7237.63258135,7237.6,0.025,BTC/USD,2020-01-01,02:06:00
7237.6,7237.63258135,7237.63258135,7237.6,0.025,BTC/USD,2020-01-01,02:07:00
7237.63258135,7237.6,7237.63258135,7237.6,0.1402,BTC/USD,2020-01-01,02:08:00
7237.6,7237.6,7237.7,7237.6,0.54288599,BTC/USD,2020-01-01,02:09:00
7237.6,7237.6,7237.6,7237.6,0.038954420000000003,BTC/USD,2020-01-01,02:10:00
7237.6,7237.60886086,7237.60886086,7237.6,0.06500002,BTC/USD,2020-01-01,02:11:00
7237.6,7234.9,7237.60886086,7234.9,1.69425153,BTC/USD,2020-01-01,02:12:00
7234.2,7233.9,7234.2,7233.8,0.111,BTC/USD,2020-01-01,02:13:00
7233.8,7233.8,7233.8,7233.8,0.015,BTC/USD,2020-01-01,02:14:00
7233.80953246,7233.80953246,7233.80953246,7233.80953246,0.005,BTC/USD,2020-01-01,02:15:00
7233.9,7233.9,7233.9,7233.9,0.005,BTC/USD,2020-01-01,02:16:00
7233.9,7233.9,7233.9,7233.9,0.011359000000000001,BTC/USD,2020-01-01,02:17:00
7233.9,7237.4,7238.5,7233.9,1.63205132,BTC/USD,2020-01-01,02:18:00
7237.3403999,7237.3403999,7237.4,7237.3,0.09,BTC/USD,2020-01-01,02:19:00
7237.4,7237.4,7237.4,7237.4,0.01,BTC/USD,2020-01-01,02:20:00
7237.3403999,7239.0,7239.0,7237.3403999,0.065,BTC/USD,2020-01-01,02:21:00
7239.0,7239.0,7239.0,7238.9043948,0.0525127,BTC/USD,2020-01-01,02:22:00
7238.9963945,7239.0,7239.0,7238.9963945,0.40499999999999997,BTC/USD,2020-01-01,02:23:00
7239.0,7239.0,7239.0,7239.0,0.20712136,BTC/USD,2020-01-01,02:24:00
7239.0,7239.0,7239.0,7239.0,0.005,BTC/USD,2020-01-01,02:25:00
7239.0,7239.0,7239.0,7239.0,0.32739874,BTC/USD,2020-01-01,02:26:00
7238.91987086,7243.0,7243.0,7238.91987086,2.53306346,BTC/USD,2020-01-01,02:27:00
7243.0,7248.3,7248.3,7243.0,0.55386897,BTC/USD,2020-01-01,02:28:00
7247.4603669,7247.4603669,7247.4603669,7247.4,0.08795301,BTC/USD,2020-01-01,02:29:00
7247.40183189,7247.5,7247.5,7247.4,0.37157550000000006,BTC/USD,2020-01-01,02:30:00
7247.5,7247.5,7247.5,7247.5,0.32439999999999997,BTC/USD,2020-01-01,02:31:00
7247.4,7247.5,7247.5,7247.4,0.007837750000000001,BTC/USD,2020-01-01,02:32:00
7247.5,7247.5,7247.5,7247.4,0.6393173999999999,BTC/USD,2020-01-01,02:33:00
7247.5,7247.5,7247.5,7247.42717296,0.755,BTC/USD,2020-01-01,02:34:00
7247.42717296,7248.3,7248.3,7247.42717296,6.62989384,BTC/USD,2020-01-01,02:35:00
7249.5,7249.5488832,7249.5488832,7249.5,0.11740422,BTC/USD,2020-01-01,02:36:00
7249.5488832,7249.6,7249.6,7249.5488832,0.035,BTC/USD,2020-01-01,02:37:00
7249.5488832,7249.6,7249.6,7249.5,0.41758189,BTC/USD,2020-01-01,02:38:00
7249.6,7249.5,7249.6,7249.5,0.025,BTC/USD,2020-01-01,02:39:00
7249.6,7249.6,7249.6,7249.6,0.12042,BTC/USD,2020-01-01,02:40:00
7249.52478885,7249.5,7249.52478885,7249.5,0.015,BTC/USD,2020-01-01,02:41:00
7249.5,7249.5,7249.5,7249.5,0.015000010000000001,BTC/USD,2020-01-01,02:42:00
7249.52478885,7249.6,7249.6,7249.52478885,1.4256135,BTC/USD,2020-01-01,02:43:00
7249.52495161,7249.6,7249.6,7249.52495161,0.015000000000000001,BTC/USD,2020-01-01,02:44:00
7249.5,7249.5552794,7249.6,7249.5,0.1052,BTC/USD,2020-01-01,02:45:00
7249.6,7249.6,7249.6,7249.6,0.025,BTC/USD,2020-01-01,02:46:00
7249.5552794,7249.5552794,7249.6,7249.5552794,0.05648572,BTC/USD,2020-01-01,02:47:00
7249.6,7249.6,7249.6,7249.5,0.04366221,BTC/USD,2020-01-01,02:48:00
7249.6,7249.6,7249.6,7249.6,0.14008465,BTC/USD,2020-01-01,02:49:00
7249.65764695,7249.9,7250.0,7249.65764695,0.27543923000000003,BTC/USD,2020-01-01,02:50:00
7250.0,7249.9,7250.0,7249.9,0.125,BTC/USD,2020-01-01,02:51:00
7250.0,7251.8,7251.8,7249.9154015,3.22782503,BTC/USD,2020-01-01,02:52:00
7251.9,7252.0,7252.0,7251.9,4.04716143,BTC/USD,2020-01-01,02:53:00
7252.0,7252.0,7252.0,7252.0,0.12004600000000001,BTC/USD,2020-01-01,02:54:00
7252.0,7252.0,7252.0,7252.0,0.037644910000000004,BTC/USD,2020-01-01,02:55:00
7251.9183536,7256.3,7256.7,7251.9,2.171,BTC/USD,2020-01-01,02:56:00
7256.2,7255.2,7256.2,7254.9,0.14257237,BTC/USD,2020-01-01,02:57:00
7255.1,7256.7,7256.7,7255.1,0.06500001,BTC/USD,2020-01-01,02:58:00
7256.7,7256.7,7256.7,7256.7,0.10038055,BTC/USD,2020-01-01,02:59:00
7256.6,7256.6,7256.7,7256.6,0.021714,BTC/USD,2020-01-01,03:00:00
7256.69249967,7256.610425,7256.7,7256.610425,0.265,BTC/USD,2020-01-01,03:01:00
7256.6,7249.6,7256.610425,7249.6,0.38983364,BTC/USD,2020-01-01,03:02:00
7249.6,7249.5,7249.7,7249.5,0.47643620000000003,BTC/USD,2020-01-01,03:03:00
7249.5,7249.5,7249.52489753,7249.5,0.02646817,BTC/USD,2020-01-01,03:04:00
7249.5,7249.14141054,7249.5,7249.0,6.3484,BTC/USD,2020-01-01,03:05:00
7249.1,7249.0,7249.1,7249.0,0.33199999999999996,BTC/USD,2020-01-01,03:06:00
7249.0,7238.3021464,7249.0,7236.3,5.4120371800000004,BTC/USD,2020-01-01,03:07:00
7239.6,7238.4,7239.8,7238.1,0.0818,BTC/USD,2020-01-01,03:08:00
7238.5,7236.8,7238.5,7236.8,0.065,BTC/USD,2020-01-01,03:09:00
7236.830124,7237.8,7238.1,7236.8,0.59657836,BTC/USD,2020-01-01,03:10:00
7237.71509821,7238.5,7238.5,7237.7,0.37,BTC/USD,2020-01-01,03:11:00
7238.4,7238.5,7238.5,7238.4,0.01188178,BTC/USD,2020-01-01,03:12:00
7238.6,7238.7,7238.7,7238.6,0.030000000000000002,BTC/USD,2020-01-01,03:14:00
7238.6,7238.6,7238.6,7238.6,0.00353991,BTC/USD,2020-01-01,03:15:00
7238.6,7238.7,7238.7,7238.6,0.02,BTC/USD,2020-01-01,03:16:00
7239.3141618,7240.6,7240.6,7239.3141618,0.01207489,BTC/USD,2020-01-01,03:17:00
7244.2,7244.1,7244.2,7244.1,0.24361164000000002,BTC/USD,2020-01-01,03:18:00
7244.127244,7244.2,7244.2,7244.127244,0.065,BTC/USD,2020-01-01,03:19:00
7244.2,7246.1,7246.1,7244.2,0.045,BTC/USD,2020-01-01,03:20:00
7246.1,7246.1,7246.1,7246.0,0.41000000000000003,BTC/USD,2020-01-01,03:21:00
7246.1,7246.1,7246.1,7246.0,0.01293696,BTC/USD,2020-01-01,03:22:00
7246.0,7246.1,7246.1,7246.0,0.035,BTC/USD,2020-01-01,03:23:00
7246.1,7246.1,7246.1,7246.1,0.005,BTC/USD,2020-01-01,03:25:00
7246.0,7246.0,7246.0,7246.0,0.02500001,BTC/USD,2020-01-01,03:26:00
7246.0,7246.0,7246.0,7246.0,0.00696157,BTC/USD,2020-01-01,03:27:00
7246.1,7246.1,7246.1,7246.1,0.07538237,BTC/USD,2020-01-01,03:30:00
7246.143381,7247.0,7247.0,7246.143381,0.015,BTC/USD,2020-01-01,03:31:00
7247.1553865,7247.2,7247.2,7247.1,0.17517854,BTC/USD,2020-01-01,03:32:00
7247.1553865,7251.3,7251.3,7247.1553865,1.59180001,BTC/USD,2020-01-01,03:33:00
7251.4,7251.4,7251.4,7251.3,0.16415870999999999,BTC/USD,2020-01-01,03:34:00
7251.3874095,7251.3,7251.3874095,7251.3,0.01,BTC/USD,2020-01-01,03:35:00
7251.4,7251.35428182,7251.4,7251.35428182,0.01,BTC/USD,2020-01-01,03:36:00
7251.3,7251.3,7251.3,7251.3,0.07064961,BTC/USD,2020-01-01,03:37:00
7251.3,7242.0,7251.3,7242.0,0.8170337999999999,BTC/USD,2020-01-01,03:38:00
7242.0,7242.0,7242.1,7242.0,0.10729822,BTC/USD,2020-01-01,03:39:00
7242.1,7242.0,7242.1,7242.0,0.08464225,BTC/USD,2020-01-01,03:40:00
7242.0,7242.0,7242.0,7242.0,0.02,BTC/USD,2020-01-01,03:41:00
7242.1,7242.0,7242.1,7242.0,0.01432358,BTC/USD,2020-01-01,03:42:00
7238.1,7235.3626492,7238.1,7233.5,5.675172,BTC/USD,2020-01-01,03:43:00
7234.65177246,7234.6,7234.65177246,7234.6,0.015,BTC/USD,2020-01-01,03:44:00
7234.6,7234.6,7234.6,7234.6,0.015,BTC/USD,2020-01-01,03:45:00
7234.7,7234.6,7234.7,7234.6,0.03090338,BTC/USD,2020-01-01,03:46:00
7234.6,7234.6,7234.65177246,7234.6,0.03086834,BTC/USD,2020-01-01,03:47:00
7234.6,7234.2,7234.6,7233.1,5.8600871,BTC/USD,2020-01-01,03:48:00
7234.1,7234.1,7234.1,7234.1,0.00907,BTC/USD,2020-01-01,03:49:00
7234.2,7234.2,7234.2,7234.2,0.015,BTC/USD,2020-01-01,03:50:00
7234.1,7234.1,7234.1,7234.1,0.03199744,BTC/USD,2020-01-01,03:51:00
7234.1,7234.1,7234.1,7234.1,0.0131866,BTC/USD,2020-01-01,03:52:00
7234.1,7234.1,7234.1,7234.1,0.02500001,BTC/USD,2020-01-01,03:53:00
7234.1,7234.1,7234.1,7234.1,0.005,BTC/USD,2020-01-01,03:54:00
7234.2,7237.2,7237.3,7234.2,0.8991073399999999,BTC/USD,2020-01-01,03:55:00
7237.2,7237.3,7237.3,7237.2,0.03206857,BTC/USD,2020-01-01,03:56:00
7237.2,7237.2,7237.2,7237.2,0.00104661,BTC/USD,2020-01-01,03:57:00
7237.2,7237.2,7237.3,7237.2,1.24337064,BTC/USD,2020-01-01,03:58:00
7237.2,7237.3,7237.3,7237.2,0.015,BTC/USD,2020-01-01,03:59:00
7237.2,7237.2,7237.2,7237.2,0.16923065,BTC/USD,2020-01-01,04:00:00
7237.2,7237.2,7237.2,7237.2,0.00706857,BTC/USD,2020-01-01,04:01:00
7237.26516857,7237.3,7237.3,7237.2,1.20340741,BTC/USD,2020-01-01,04:03:00
7237.27933926,7237.27933926,7237.27933926,7237.2,0.60192437,BTC/USD,2020-01-01,04:04:00
7237.27933926,7237.27933926,7237.3,7237.27933926,0.03287051,BTC/USD,2020-01-01,04:05:00
7237.27933926,7237.3,7237.3,7237.27933926,0.025,BTC/USD,2020-01-01,04:06:00
7237.2,7237.2,7237.2,7237.2,0.00135132,BTC/USD,2020-01-01,04:07:00
7237.2,7237.3,7237.3,7237.2,0.025,BTC/USD,2020-01-01,04:08:00
7237.2,7237.2,7237.2,7237.2,0.015,BTC/USD,2020-01-01,04:09:00
7237.3,7237.3,7237.3,7237.3,0.0088862,BTC/USD,2020-01-01,04:10:00
7237.2478248,7237.2478248,7237.2478248,7237.2478248,0.005,BTC/USD,2020-01-01,04:11:00
7237.2,7237.2,7237.2,7237.2,0.00686531,BTC/USD,2020-01-01,04:12:00
7237.2,7232.0,7237.2,7232.0,2.10300054,BTC/USD,2020-01-01,04:13:00
7232.0,7232.0,7232.0,7232.0,0.030000000000000002,BTC/USD,2020-01-01,04:14:00
7232.0,7232.0,7232.0,7232.0,0.015,BTC/USD,2020-01-01,04:15:00
7232.0,7232.0,7232.0,7232.0,0.01,BTC/USD,2020-01-01,04:16:00
7232.0,7232.1,7232.1,7232.0,0.16313718,BTC/USD,2020-01-01,04:17:00
7232.1,7232.0,7232.1,7232.0,0.03189094,BTC/USD,2020-01-01,04:18:00
7232.09118332,7232.09118332,7232.09118332,7232.09118332,0.03,BTC/USD,2020-01-01,04:19:00
7232.09118332,7232.1,7232.1,7232.09118332,0.030126720000000003,BTC/USD,2020-01-01,04:20:00
7232.0,7232.0,7232.0,7232.0,0.005,BTC/USD,2020-01-01,04:21:00
7232.0,7232.0,7232.0,7232.0,0.03607673,BTC/USD,2020-01-01,04:22:00
7232.0,7232.0,7232.0,7232.0,0.060000000000000005,BTC/USD,2020-01-01,04:23:00
7232.1,7232.1,7232.1,7232.1,0.19594428,BTC/USD,2020-01-01,04:24:00
7232.1,7232.1,7232.1,7232.1,0.005,BTC/USD,2020-01-01,04:25:00
7232.04920672,7232.04920672,7232.04920672,7232.04920672,0.02,BTC/USD,2020-01-01,04:26:00
7232.0,7232.0,7232.0,7232.0,0.00616336,BTC/USD,2020-01-01,04:27:00
7232.0,7232.0658918,7232.1,7232.0,1.52699234,BTC/USD,2020-01-01,04:28:00
7232.1,7232.0,7232.1,7232.0,0.04194642,BTC/USD,2020-01-01,04:29:00
7232.1,7232.0,7232.1,7232.0,0.05378302,BTC/USD,2020-01-01,04:30:00
7232.1,7232.1,7232.1,7232.1,0.10792406,BTC/USD,2020-01-01,04:31:00
7232.1,7232.0658918,7232.1,7232.0658918,0.23392692,BTC/USD,2020-01-01,04:32:00
7232.0658918,7239.4,7239.7,7232.0658918,5.4853400599999995,BTC/USD,2020-01-01,04:33:00
7239.4,7239.4,7239.4,7239.4,0.01,BTC/USD,2020-01-01,04:34:00
7239.3200856,7239.3200856,7239.3200856,7239.3200856,0.04,BTC/USD,2020-01-01,04:35:00
7239.4,7239.4,7239.4,7239.4,0.04,BTC/USD,2020-01-01,04:36:00
7239.4,7239.4,7239.4,7239.4,0.005,BTC/USD,2020-01-01,04:37:00
7239.4,7240.4,7241.3,7239.4,3.24153421,BTC/USD,2020-01-01,04:38:00
7240.4,7240.4,7240.4,7240.4,0.005,BTC/USD,2020-01-01,04:40:00
7240.4,7240.38581437,7240.4,7240.38581437,0.046234950000000004,BTC/USD,2020-01-01,04:41:00
7240.4,7240.4,7240.4,7240.38581437,0.03672541,BTC/USD,2020-01-01,04:42:00
7240.3,7239.0,7240.3,7239.0,0.9023708699999999,BTC/USD,2020-01-01,04:43:00
7239.1,7239.1,7239.1,7239.1,0.03,BTC/USD,2020-01-01,04:44:00
7239.1,7239.1,7239.1,7239.1,0.135,BTC/USD,2020-01-01,04:45:00
7239.0,7239.1,7239.1,7239.0,0.08812097999999999,BTC/USD,2020-01-01,04:46:00
7239.06154525,7239.06154525,7239.06154525,7239.06154525,0.0083015,BTC/USD,2020-01-01,04:47:00
7239.0,7239.1,7239.1,7239.0,1.06893478,BTC/USD,2020-01-01,04:48:00
7239.1,7239.1,7239.1,7239.1,0.02,BTC/USD,2020-01-01,04:49:00
7239.1,7239.1,7239.1,7239.1,0.02403056,BTC/USD,2020-01-01,04:50:00
7239.01983141,7239.01983141,7239.01983141,7239.01983141,0.00121148,BTC/USD,2020-01-01,04:52:00
7239.0,7237.0,7239.0,7237.0,1.36389746,BTC/USD,2020-01-01,04:53:00
7237.0,7233.1,7237.0,7232.9,3.4165,BTC/USD,2020-01-01,04:54:00
7233.1,7232.0,7233.1,7232.0,1.79707155,BTC/USD,2020-01-01,04:55:00
7232.0,7232.0,7232.1,7232.0,0.045,BTC/USD,2020-01-01,04:56:00
7232.1,7232.0,7232.1,7232.0,0.10407806,BTC/USD,2020-01-01,04:57:00
7232.0,7226.9,7232.0,7226.4,24.10622957,BTC/USD,2020-01-01,04:58:00
7226.9,7226.1,7226.9,7226.1,3.6015105199999997,BTC/USD,2020-01-01,04:59:00
7225.71325,7225.72847902,7225.72847902,7225.71325,0.020907,BTC/USD,2020-01-01,05:00:00
7225.8,7225.803515,7225.803515,7225.7,1.34816558,BTC/USD,2020-01-01,05:01:00
7225.803515,7228.58515358,7228.58515358,7225.803515,0.026095069999999998,BTC/USD,2020-01-01,05:02:00
7228.6,7230.0,7230.0,7228.6,0.3240213,BTC/USD,2020-01-01,05:03:00
7230.0,7230.0,7230.0,7230.0,0.75,BTC/USD,2020-01-01,05:04:00
7230.0,7229.9,7230.0,7229.9,0.20300780000000002,BTC/USD,2020-01-01,05:05:00
7230.0,7232.1,7232.1,7230.0,1.8512449,BTC/USD,2020-01-01,05:07:00
7232.0,7232.1,7232.1,7232.0,0.6993,BTC/USD,2020-01-01,05:08:00
7232.1,7232.1,7232.1,7232.1,0.005,BTC/USD,2020-01-01,05:09:00
7232.1,7232.1,7232.1,7232.0,1.52,BTC/USD,2020-01-01,05:10:00
7232.1193947,7236.6,7236.6,7232.1193947,0.255,BTC/USD,2020-01-01,05:11:00
7235.1,7235.1,7235.1,7235.1,0.01417586,BTC/USD,2020-01-01,05:12:00
7234.2,7234.2,7234.2804105,7234.2,0.19008695,BTC/USD,2020-01-01,05:13:00
7234.2635735,7234.2,7234.2635735,7234.2,0.1093,BTC/USD,2020-01-01,05:14:00
7234.2635735,7234.2,7234.2635735,7234.2,0.020945520000000002,BTC/USD,2020-01-01,05:17:00
7234.2,7234.2,7234.2,7234.2,4.84086549,BTC/USD,2020-01-01,05:18:00
7234.2,7234.2,7234.2,7234.2,1.3159,BTC/USD,2020-01-01,05:19:00
7234.2,7234.2,7234.2332633,7234.2,1.4002,BTC/USD,2020-01-01,05:20:00
7234.2,7234.2,7234.2,7234.2,1.4402,BTC/USD,2020-01-01,05:21:00
7234.2,7234.2332633,7234.2332633,7234.2,0.31981671,BTC/USD,2020-01-01,05:22:00
7234.2,7234.23878105,7234.23878105,7234.2,1.29075165,BTC/USD,2020-01-01,05:23:00
7234.2,7234.23878105,7234.23878105,7234.2,0.03700752,BTC/USD,2020-01-01,05:24:00
7234.2,7234.2431749,7234.2431749,7234.2,0.25631587,BTC/USD,2020-01-01,05:25:00
7234.2,7234.2,7234.2,7234.2,0.005,BTC/USD,2020-01-01,05:26:00
7234.2431749,7234.2431749,7234.2431749,7234.2431749,0.01,BTC/USD,2020-01-01,05:27:00
7234.2431749,7234.2506498,7234.3,7234.2,0.0791372,BTC/USD,2020-01-01,05:28:00
7234.3,7234.3,7234.3,7234.3,0.005,BTC/USD,2020-01-01,05:29:00
7234.2,7234.2,7234.2,7234.2,0.02000001,BTC/USD,2020-01-01,05:30:00
7234.2,7234.2,7234.2,7234.2,0.01204594,BTC/USD,2020-01-01,05:31:00
7234.2,7234.2,7234.2,7234.2,0.025,BTC/USD,2020-01-01,05:32:00
7234.2,7234.3,7234.3,7234.2,0.008535540000000001,BTC/USD,2020-01-01,05:33:00
7234.2703125,7234.2703125,7234.2703125,7234.2703125,0.005,BTC/USD,2020-01-01,05:35:00
7234.3,7234.3,7234.3,7234.2,0.04833357,BTC/USD,2020-01-01,05:36:00
7234.3,7234.3,7234.3,7234.3,0.01,BTC/USD,2020-01-01,05:37:00
7234.26595292,7234.2,7234.26595292,7234.2,0.71830045,BTC/USD,2020-01-01,05:38:00
7234.2703125,7234.3,7234.3,7234.2703125,0.015,BTC/USD,2020-01-01,05:40:00
7234.23828764,7234.3,7234.3,7234.2,0.08152039,BTC/USD,2020-01-01,05:41:00
7234.2703125,7234.2703125,7234.2703125,7234.2703125,0.01,BTC/USD,2020-01-01,05:42:00
7234.2,7234.0,7234.2,7234.0,3.3000000000000003,BTC/USD,2020-01-01,05:43:00
7234.0406259,7234.0406259,7234.1,7234.0406259,1.0150000000000001,BTC/USD,2020-01-01,05:45:00
7234.0406259,7234.0406259,7234.0406259,7234.0406259,0.005,BTC/USD,2020-01-01,05:46:00
7234.0,7234.0,7234.0,7234.0,0.01,BTC/USD,2020-01-01,05:47:00
7234.0901875,7234.1,7234.1,7234.0901875,1.5511122099999999,BTC/USD,2020-01-01,05:48:00
7236.5808216,7236.5808216,7236.5808216,7236.5808216,0.00379369,BTC/USD,2020-01-01,05:49:00
7236.5808216,7236.6,7236.6,7236.5808216,0.005,BTC/USD,2020-01-01,05:50:00
7236.58353594,7236.58353594,7236.58353594,7236.58353594,0.00702039,BTC/USD,2020-01-01,05:51:00
7236.6,7236.5,7236.6,7236.5,0.06662268,BTC/USD,2020-01-01,05:52:00
7236.5,7236.58353594,7236.6,7236.5,1.1753631100000002,BTC/USD,2020-01-01,05:53:00
7236.58353594,7236.6,7236.6,7236.58353594,0.8138,BTC/USD,2020-01-01,05:54:00
7236.5204045,7236.5,7236.5204045,7236.5,1.02864322,BTC/USD,2020-01-01,05:58:00
7236.501201,7236.5,7236.501201,7236.5,0.084191,BTC/USD,2020-01-01,06:01:00
7236.5,7236.5,7236.5,7236.5,0.00220877,BTC/USD,2020-01-01,06:02:00
7236.5913081,7236.5,7236.5913081,7236.5,0.05603238000000001,BTC/USD,2020-01-01,06:03:00
7236.5,7236.5,7236.5,7236.5,0.005,BTC/USD,2020-01-01,06:06:00
7236.5,7236.5,7236.5,7236.5,0.03000001,BTC/USD,2020-01-01,06:08:00
7236.5,7236.5,7236.5,7236.5,0.02672971,BTC/USD,2020-01-01,06:09:00
7236.501201,7236.5,7236.501201,7236.5,0.09999999999999999,BTC/USD,2020-01-01,06:10:00
7236.5,7236.5,7236.5,7236.5,0.00448426,BTC/USD,2020-01-01,06:13:00
7236.5,7236.5,7236.5,7236.5,0.005,BTC/USD,2020-01-01,06:14:00
7236.6,7236.5,7236.6,7236.5,0.86,BTC/USD,2020-01-01,06:16:00
7236.6,7236.5913081,7236.6,7236.5913081,0.75278,BTC/USD,2020-01-01,06:17:00
7236.5913081,7236.7,7236.7,7236.5913081,2.07412867,BTC/USD,2020-01-01,06:18:00
7239.9252708,7239.7,7239.9252708,7239.7,0.13329872,BTC/USD,2020-01-01,06:19:00
7239.6,7239.5648424,7239.6,7239.5648424,7.2148324,BTC/USD,2020-01-01,06:20:00
7239.5648424,7239.5648424,7239.5648424,7239.5648424,0.005,BTC/USD,2020-01-01,06:21:00
7239.5648424,7239.5648424,7239.5648424,7239.5648424,0.19283185,BTC/USD,2020-01-01,06:22:00
7239.5,7239.1,7239.6,7238.7,10.57163933,BTC/USD,2020-01-01,06:23:00
7239.5,7234.971156,7240.97198406,7234.9,31.637782,BTC/USD,2020-01-01,06:24:00
7234.9,7235.8,7239.70088483,7234.4,22.015238840000002,BTC/USD,2020-01-01,06:25:00
7235.2,7240.9106808,7240.9106808,7235.2,20.3596648,BTC/USD,2020-01-01,06:26:00
7242.0805872,7237.4,7242.0805872,7237.4,2.83,BTC/USD,2020-01-01,06:27:00
7237.5,7233.0,7237.8,7233.0,48.08863258,BTC/USD,2020-01-01,06:28:00
7233.0862569,7233.6,7233.9,7233.0,20.99193979,BTC/USD,2020-01-01,06:29:00
7233.5,7233.6,7233.6,7233.29913422,14.21602491,BTC/USD,2020-01-01,06:30:00
7233.6,7233.6,7233.6,7233.6,1.005,BTC/USD,2020-01-01,06:31:00
7233.6,7233.6,7233.6,7233.5,1.625,BTC/USD,2020-01-01,06:32:00
7233.52268433,7236.5,7236.5,7233.5,1.80398967,BTC/USD,2020-01-01,06:33:00
7235.6,7233.3,7235.6,7232.0,33.44507148,BTC/USD,2020-01-01,06:34:00
7233.3,7233.0,7233.3,7231.8,30.329165579999998,BTC/USD,2020-01-01,06:35:00
7233.1,7233.1,7233.1,7233.1,0.5,BTC/USD,2020-01-01,06:36:00
7233.1,7233.1,7233.1,7233.0,0.81109359,BTC/USD,2020-01-01,06:37:00
7233.1,7233.1,7233.1,7233.0,1.25093986,BTC/USD,2020-01-01,06:38:00
7233.1,7233.1,7233.1,7233.1,1.42812337,BTC/USD,2020-01-01,06:39:00
7233.1,7233.1,7233.1,7233.1,0.57547064,BTC/USD,2020-01-01,06:40:00
7235.1,7235.55182079,7235.55182079,7235.1,0.035,BTC/USD,2020-01-01,06:41:00
7235.5,7235.5,7235.5,7235.5,1.8243800000000001,BTC/USD,2020-01-01,06:43:00
7234.5,7234.2,7234.5,7234.2,0.029308320000000002,BTC/USD,2020-01-01,06:44:00
7234.4,7234.5,7234.5,7234.4,3.07,BTC/USD,2020-01-01,06:47:00
7234.4,7234.4,7234.4,7234.4,0.00169303,BTC/USD,2020-01-01,06:48:00
7234.5,7234.5,7234.5,7234.5,0.02,BTC/USD,2020-01-01,06:49:00
7234.5,7234.4,7234.5,7234.4,6.10158443,BTC/USD,2020-01-01,06:53:00
7234.4,7234.4,7234.4,7234.4,0.005,BTC/USD,2020-01-01,06:55:00
7234.5,7234.5,7234.5,7234.5,0.05,BTC/USD,2020-01-01,06:56:00
7234.5,7234.5,7234.5,7234.5,0.07795065,BTC/USD,2020-01-01,06:57:00
7234.5,7234.5,7234.5,7234.4,2.96172202,BTC/USD,2020-01-01,06:58:00
7234.5,7234.5,7234.5,7234.5,0.00620759,BTC/USD,2020-01-01,07:00:00
7234.5,7234.4,7234.5,7234.4,0.54820551,BTC/USD,2020-01-01,07:02:00
7234.4523438,7234.4,7234.5,7234.4,0.02535191,BTC/USD,2020-01-01,07:03:00
7234.4764584,7234.5,7234.5,7234.4764584,0.0043823,BTC/USD,2020-01-01,07:04:00
7234.5,7234.43213544,7234.5,7234.43213544,0.048691,BTC/USD,2020-01-01,07:07:00
7234.5,7234.4703349,7234.5,7234.4,0.06724568,BTC/USD,2020-01-01,07:08:00
7234.4703349,7234.4703349,7234.5,7234.4703349,0.00274372,BTC/USD,2020-01-01,07:09:00
7234.5,7234.5,7234.5,7234.5,0.005,BTC/USD,2020-01-01,07:10:00
7234.4703349,7234.5,7234.5,7234.4703349,0.27,BTC/USD,2020-01-01,07:11:00
7234.5,7235.4,7235.4,7234.5,1.22,BTC/USD,2020-01-01,07:12:00
7235.36682808,7235.4,7235.4,7235.36682808,0.020910250000000002,BTC/USD,2020-01-01,07:13:00
7235.4,7235.4,7235.4,7235.4,0.06,BTC/USD,2020-01-01,07:14:00
7235.4,7235.4,7235.4,7235.4,0.29,BTC/USD,2020-01-01,07:15:00
7235.4,7235.5,7235.5,7235.4,1.18328759,BTC/USD,2020-01-01,07:16:00
7235.5,7235.5,7235.5,7235.5,0.69052669,BTC/USD,2020-01-01,07:17:00
7235.5,7235.47889311,7235.5,7235.47889311,0.00648415,BTC/USD,2020-01-01,07:18:00
7235.5,7235.5,7235.5,7235.5,0.65524878,BTC/USD,2020-01-01,07:19:00
7235.5,7235.5,7235.5,7235.5,0.43661915,BTC/USD,2020-01-01,07:21:00
7235.5,7237.7,7237.7,7235.5,0.15273624,BTC/USD,2020-01-01,07:22:00
7237.7,7237.7,7237.7,7237.60812875,0.19126564999999998,BTC/USD,2020-01-01,07:23:00
7237.60815586,7237.60815586,7237.60815586,7237.60815586,0.001,BTC/USD,2020-01-01,07:24:00
7237.6869537,7237.6869537,7237.6869537,7237.6869537,0.005,BTC/USD,2020-01-01,07:26:00
7237.7,7237.6837002,7237.7,7237.6837002,0.0058249700000000005,BTC/USD,2020-01-01,07:28:00
7237.7,7237.7,7237.7,7237.7,0.00305234,BTC/USD,2020-01-01,07:29:00
7237.7,7237.7,7237.7,7237.7,0.23784446,BTC/USD,2020-01-01,07:30:00
7237.7,7237.7,7237.7,7237.7,0.02198978,BTC/USD,2020-01-01,07:31:00
7237.6837002,7237.6837002,7237.7,7237.6837002,0.01,BTC/USD,2020-01-01,07:32:00
7237.60815586,7237.6,7237.7,7237.6,2.94111066,BTC/USD,2020-01-01,07:33:00
7237.6,7237.60464404,7237.60464404,7237.6,0.0626,BTC/USD,2020-01-01,07:35:00
7237.6,7234.41456272,7237.6,7234.4,1.06113951,BTC/USD,2020-01-01,07:36:00
7234.41456272,7234.4,7234.41456272,7234.4,0.228707,BTC/USD,2020-01-01,07:37:00
7234.4,7234.4,7234.4,7234.4,0.78628041,BTC/USD,2020-01-01,07:38:00
7234.4,7226.9,7234.4,7226.9,1.66548549,BTC/USD,2020-01-01,07:40:00
7226.9,7226.99048402,7226.99048402,7226.9,0.03947293,BTC/USD,2020-01-01,07:41:00
7226.9,7226.8,7226.9,7226.8,2.30008144,BTC/USD,2020-01-01,07:42:00
7226.8,7226.8,7226.8,7226.8,2.20835247,BTC/USD,2020-01-01,07:43:00
7226.8,7223.4,7226.8,7223.4,1.31512146,BTC/USD,2020-01-01,07:44:00
7222.6,7215.4,7222.6,7215.2627328,2.53788219,BTC/USD,2020-01-01,07:45:00
7215.4,7215.3,7215.4,7215.3,0.81946693,BTC/USD,2020-01-01,07:46:00
7215.4,7215.3,7215.4,7215.3,0.020002,BTC/USD,2020-01-01,07:47:00
7215.3,7215.3,7215.4,7215.3,0.05269507,BTC/USD,2020-01-01,07:48:00
7215.4,7215.3,7215.4,7215.3,0.110002,BTC/USD,2020-01-01,07:49:00
7215.31865465,7215.3,7215.31865465,7215.3,0.015001,BTC/USD,2020-01-01,07:50:00
7215.31865465,7215.31865465,7215.31865465,7215.31865465,0.015001,BTC/USD,2020-01-01,07:51:00
7215.3,7215.3,7215.4,7215.3,0.165001,BTC/USD,2020-01-01,07:52:00
7215.3062028,7219.7,7219.7,7215.3062028,2.05060014,BTC/USD,2020-01-01,07:53:00
7219.7,7219.7,7219.7,7219.7,0.091501,BTC/USD,2020-01-01,07:54:00
7219.6,7219.7,7219.7,7219.6,0.05094866,BTC/USD,2020-01-01,07:58:00
7219.6432693,7219.6432693,7219.7,7219.6,0.240393,BTC/USD,2020-01-01,07:59:00
7219.7,7219.6432693,7219.7,7219.6432693,0.00353143,BTC/USD,2020-01-01,08:00:00
7219.6432693,7219.6432693,7219.6432693,7219.6432693,0.00694398,BTC/USD,2020-01-01,08:01:00
7219.6432693,7219.6,7219.6432693,7219.6,0.015,BTC/USD,2020-01-01,08:02:00
7219.69704147,7219.69704147,7219.69704147,7219.69704147,0.2,BTC/USD,2020-01-01,08:03:00
7219.69704147,7219.69704147,7219.69704147,7219.69704147,0.010001,BTC/USD,2020-01-01,08:04:00
7219.69704147,7219.69704147,7219.69704147,7219.69704147,0.020002,BTC/USD,2020-01-01,08:05:00
7219.69704147,7219.69704147,7219.69704147,7219.69704147,0.02194598,BTC/USD,2020-01-01,08:06:00
7219.63862896,7219.6,7219.63862896,7219.6,0.07529363,BTC/USD,2020-01-01,08:08:00
7219.7,7219.7,7219.7,7219.7,0.02416319,BTC/USD,2020-01-01,08:09:00
7219.63862896,7219.6,7219.7,7219.6,0.05691888,BTC/USD,2020-01-01,08:11:00
7219.6,7219.6,7219.6,7219.6,0.14449,BTC/USD,2020-01-01,08:12:00
7215.0,7212.4,7215.0,7212.2,0.79263233,BTC/USD,2020-01-01,08:13:00
7212.45813723,7212.45813723,7212.45813723,7212.45813723,0.01,BTC/USD,2020-01-01,08:14:00
7212.45813723,7208.1,7212.45813723,7208.1,1.19952,BTC/USD,2020-01-01,08:15:00
7208.1,7208.1,7208.1,7208.1,0.005,BTC/USD,2020-01-01,08:16:00
7208.1,7205.1,7208.1,7205.1,0.7744,BTC/USD,2020-01-01,08:17:00
7205.1654688,7205.1,7205.2,7205.1,2.04668803,BTC/USD,2020-01-01,08:18:00
7205.1,7205.2,7205.2,7205.1,1.4,BTC/USD,2020-01-01,08:19:00
7205.1,7205.1,7205.1,7205.1,0.35500000000000004,BTC/USD,2020-01-01,08:20:00
7205.1,7205.1,7205.1,7205.1,0.2,BTC/USD,2020-01-01,08:21:00
7205.1,7205.2,7205.2,7205.1,0.664,BTC/USD,2020-01-01,08:22:00
7205.1654688,7205.14371003,7205.1654688,7205.1,0.40807691,BTC/USD,2020-01-01,08:23:00
7205.1,7205.1,7205.1,7205.1,0.14107691,BTC/USD,2020-01-01,08:24:00
7205.1,7205.1,7205.1,7205.1,0.2,BTC/USD,2020-01-01,08:25:00
7205.1,7205.1,7205.1,7205.1,0.20500000000000002,BTC/USD,2020-01-01,08:26:00
7205.19874341,7205.2,7205.2,7205.1,10.205,BTC/USD,2020-01-01,08:28:00
7205.1,7205.1,7205.1,7205.1,0.20500000000000002,BTC/USD,2020-01-01,08:29:00
7205.1,7205.1,7205.12752306,7205.1,0.31655937,BTC/USD,2020-01-01,08:30:00
7205.1,7205.1,7205.1,7205.1,0.66592911,BTC/USD,2020-01-01,08:31:00
7205.1819341,7205.12752306,7205.1819341,7205.12752306,0.01346836,BTC/USD,2020-01-01,08:32:00
7205.19217136,7205.19214247,7205.19217136,7205.19214247,0.01602554,BTC/USD,2020-01-01,08:33:00
7205.2,7205.2,7205.2,7205.2,0.02180065,BTC/USD,2020-01-01,08:34:00
7205.2,7205.75299748,7206.3,7205.2,4.5802,BTC/USD,2020-01-01,08:35:00
7205.75299748,7205.75299748,7205.75299748,7205.75299748,0.005,BTC/USD,2020-01-01,08:36:00
7205.75299748,7205.7,7205.75299748,7205.7,0.075,BTC/USD,2020-01-01,08:37:00
7205.70155305,7205.7,7205.70155305,7205.7,0.025,BTC/USD,2020-01-01,08:38:00
7205.8,7205.70155305,7205.8,7205.70155305,0.035,BTC/USD,2020-01-01,08:39:00
7205.8,7205.7,7205.8,7205.7,0.07137942,BTC/USD,2020-01-01,08:40:00
